Date,High,Low,Open,Close,Volume,Marketcap
2018-12-15,0.0198448169,0.0161499363,0.019541943200000002,0.0172433664,989709.642797211,0.0
2018-12-16,0.017496248500000002,0.0141272823,0.017212707,0.015300672000000001,717174.017781968,0.0
2018-12-17,0.0167227296,0.0114866815,0.0151863888,0.0144480443,615622.639000056,15470622.8156846
2018-12-18,0.0172150481,0.0135529398,0.014308372900000001,0.016259637,764474.467656781,17855902.7527537
2018-12-19,0.0315087501,0.0156086511,0.016086562500000002,0.0207902317,1025195.83098842,23400877.2889336
2018-12-20,0.0346769765,0.0207215801,0.0208135285,0.032446854500000004,1591947.69573578,37410186.1178573
2018-12-21,0.0398536143,0.0317242322,0.03247171,0.032815865300000004,2941460.27614868,38734708.5682967
2018-12-22,0.034878084000000004,0.0315854417,0.0329211179,0.0347372267,1786517.11129234,41954321.7220295
2018-12-23,0.0372901704,0.0300127279,0.0348229924,0.0304013134,1624195.57464558,37550480.7480179
2018-12-24,0.032311408800000004,0.0296057219,0.0303207911,0.0296057219,1520019.10018649,37378913.774572
2018-12-25,0.0296940179,0.0230018986,0.0296940179,0.0240294325,1208818.96050722,30996870.6288506
2018-12-26,0.0248804762,0.0232741971,0.023748273400000002,0.0237107041,1607556.5284238,31235333.9649841
2018-12-27,0.023997357,0.020160566600000002,0.023804089400000002,0.0203120978,1177759.1762974,27314670.3671457
2018-12-28,0.0224633531,0.0174834657,0.0203472968,0.0194557561,1397429.57789217,26696140.2512404
2018-12-29,0.0203236845,0.0194298566,0.0194722819,0.0199561298,1709683.07525021,27929469.3743698
2018-12-30,0.020955977900000002,0.0186924584,0.0199659066,0.0206327932,2004684.72174987,29441771.088185
2018-12-31,0.0219749911,0.0203787807,0.020570902000000002,0.0203787807,1600106.77753398,29637633.0933331
2019-01-01,0.021570765500000002,0.0199538489,0.0203541929,0.0214664002,2003417.08781195,31807519.9403851
2019-01-02,0.0216723679,0.020869113,0.021527008900000002,0.021441159600000002,1988273.23052181,32357549.0290237
2019-01-03,0.0218277599,0.0210730646,0.0214480801,0.0214241578,2409212.15168882,36489547.2723686
2019-01-04,0.0216737497,0.021192945600000002,0.0213590447,0.0215591264,2407522.84492478,37310086.4010097
2019-01-05,0.0217214289,0.0186127068,0.0214952112,0.0186127068,1821065.26282397,32720968.5364909
2019-01-06,0.0188934779,0.0167728907,0.0186979182,0.0175755551,1333195.77919354,31379187.4218735
2019-01-07,0.022576773300000002,0.0167589637,0.0176632922,0.022576773300000002,1986091.86190748,40926844.7732437
2019-01-08,0.0246543349,0.018504843400000002,0.022547488600000002,0.019564991400000002,1587343.26582212,36003157.7147012
2019-01-09,0.0207123037,0.0195368411,0.0195810465,0.0196148408,1152609.65052402,36632282.5217877
2019-01-10,0.0203093233,0.0170327995,0.0195193239,0.017698103,1060443.34589359,33537501.0933287
2019-01-11,0.0180467202,0.0172409475,0.0178480292,0.017596163800000002,961577.540463466,33826415.3684657
2019-01-12,0.0178339442,0.016868648,0.0176125591,0.0172571578,991746.678823221,33647517.7909962
2019-01-13,0.0175657424,0.0160951989,0.0171871201,0.016561346600000002,833721.160179504,32744580.2730218
2019-01-14,0.0164927773,0.015553027700000001,0.0164302058,0.015960302200000002,819248.855327797,31993482.5064697
2019-01-15,0.0165176394,0.0153741498,0.0159461731,0.0153880695,742905.965950371,31267995.1037556
2019-01-16,0.015454047700000001,0.014864190400000001,0.015454047700000001,0.015153386100000001,760073.993905983,31206288.3522373
2019-01-17,0.0158130135,0.0150599233,0.0151301136,0.0153029344,682711.749650938,31933520.7334875
2019-01-18,0.015414798200000001,0.0147810249,0.0153263245,0.0149022602,565123.243720836,31505691.6745239
2019-01-19,0.0152278485,0.0145620299,0.0148224066,0.014906127500000001,701501.996573675,31922254.7927418
2019-01-20,0.0151721352,0.0140194684,0.0148411606,0.014354252000000001,640244.139853592,31133651.5944863
2019-01-21,0.0144327937,0.0135174393,0.014313683700000001,0.013829577400000001,532297.14492501,30374551.3737562
2019-01-22,0.0140379282,0.013217751500000001,0.0137868118,0.013502695700000001,667935.925222317,30026542.5167105
2019-01-23,0.0137738592,0.0132753209,0.0134663041,0.0133226549,523091.260067617,29991182.0727538
2019-01-24,0.0135302817,0.0129797055,0.0134513384,0.013038882000000002,512290.979442897,29709598.6922776
2019-01-25,0.0149667275,0.0130626743,0.01308042,0.013514835000000001,645191.794395992,31164345.5488676
2019-01-26,0.014787216700000001,0.013294895900000001,0.013524035,0.0137500529,606931.526716692,32083456.8763333
2019-01-27,0.0143030064,0.013609278800000001,0.0137752268,0.0136921546,536528.395248054,32323488.1447223
2019-01-28,0.0138348319,0.0121674409,0.0136984403,0.0123120053,557500.486586711,29402642.8475579
2019-01-29,0.0132197068,0.012319234200000001,0.0123854269,0.012912982100000001,628540.576141449,31191632.5686752
2019-01-30,0.013663780300000001,0.0126740154,0.0128498159,0.0131163132,583558.657761219,32042135.0957441
2019-01-31,0.0135852203,0.01269442,0.013082728,0.0129576967,552052.746630801,32009652.6402967
2019-02-01,0.0130653383,0.012322946500000001,0.0129883134,0.0126282569,595902.659640142,31541810.5747771
2019-02-02,0.0130900167,0.012416064000000001,0.0125807286,0.0125971801,584976.629647609,31809317.7301954
2019-02-03,0.012935593700000001,0.0124540938,0.0126431231,0.0128094016,547385.235134559,32696143.8901943
2019-02-04,0.012765596,0.012445433300000001,0.0127541465,0.012555632700000001,525237.941299288,32392385.7708014
2019-02-05,0.0127751381,0.0123292508,0.0125091735,0.0124259499,531433.903883743,32398253.0039279
2019-02-06,0.012653833500000001,0.012054818200000001,0.0124865978,0.0122496131,539650.188975442,32274094.8291589
2019-02-07,0.012463399600000001,0.0119394046,0.0122056092,0.012132717900000001,636426.466135519,32298513.8214461
2019-02-08,0.0133194574,0.012094519100000001,0.0121643336,0.012859763500000001,682452.406530911,34586304.590541
2019-02-09,0.0131052674,0.0127375169,0.012826203500000001,0.0129350031,649061.424333778,37298878.7109343
2019-02-10,0.013039405300000001,0.0125061181,0.012938511000000001,0.0128155855,645874.97439164,37305642.6256678
2019-02-11,0.012814738400000001,0.0124926906,0.0126923478,0.0125563796,537102.223876033,36895115.4743404
2019-02-12,0.0127782254,0.012387195600000001,0.012664552800000001,0.0125796621,484379.364464557,37308176.0054171
2019-02-13,0.0126876622,0.0122794322,0.0126225998,0.0122907927,546036.291436695,36788194.562615
2019-02-14,0.012783213600000001,0.0123352322,0.012357632200000001,0.0123729996,657523.13896404,37373238.4027252
2019-02-15,0.0126357447,0.012290584200000001,0.0124478609,0.0124160221,617873.094791367,37843354.9939418
2019-02-16,0.0126534694,0.0123079177,0.0124223644,0.0123992218,544591.317077138,38131853.4536253
2019-02-17,0.012547483100000001,0.0122924703,0.012380574,0.012391112900000001,610602.762169126,38446398.2640678
2019-02-18,0.013127388,0.012330835200000001,0.0124143784,0.013076862600000001,803765.072811812,40932371.2242471
2019-02-19,0.0136965357,0.0129565231,0.012998901700000001,0.0131743552,620715.667614583,41598477.6832891
2019-02-20,0.0134654261,0.013092227900000001,0.013129076200000001,0.0133018596,576380.51843207,42001077.2500295
2019-02-21,0.0134430309,0.0127372744,0.0133363292,0.0130473172,411114.632816036,41554811.750846
2019-02-22,0.0133694205,0.0128409406,0.0130580496,0.0131676925,637455.282841723,42298957.5104322
2019-02-23,0.0132118895,0.0127609208,0.0130179091,0.0130849309,695433.594462485,42391591.1392781
2019-02-24,0.013293565600000001,0.012496378,0.0130275011,0.012572103000000001,775788.404653295,40730169.2680466
2019-02-25,0.0128545649,0.01237657,0.012563783200000001,0.0128545649,613460.188921673,41645268.4291253
2019-02-26,0.0129518259,0.0126435681,0.012839326600000001,0.012811138100000001,571686.27687096,41504577.5114014
2019-02-27,0.0128211972,0.0123969509,0.0128105695,0.0125234245,647835.178533604,40572464.3093301
2019-02-28,0.0127382549,0.012412848800000001,0.0125231749,0.0125874222,562192.828895291,40779799.3369966
2019-03-01,0.0127105372,0.0124553593,0.0125781765,0.0125096235,578255.968935675,40527752.7885473
2019-03-02,0.012624334000000001,0.012427716600000001,0.0125190095,0.0125221553,468824.444144398,42626788.9182349
2019-03-03,0.012713198,0.012511172800000001,0.0125536803,0.012602186500000001,273580.699886494,42899223.8466006
2019-03-04,0.013620966000000002,0.0123021493,0.0126376573,0.0123995365,256142.346432269,42209381.2273095
2019-03-05,0.014108676700000001,0.012362189400000001,0.012376162500000001,0.0131534285,428531.903908397,44775711.9528561
2019-03-06,0.013185699700000001,0.0128323316,0.0131688399,0.0131225646,275733.967292132,44670648.1398349
2019-03-07,0.0175132417,0.0129906281,0.0130089851,0.0146476139,463762.825747036,49862082.8205451
2019-03-08,0.0213509549,0.014450809700000001,0.014655437,0.0195278531,270676.229339672,66474951.9744156
2019-03-09,0.021964753700000002,0.019017917000000002,0.019518565800000002,0.0204082699,90611.6269495832,69471987.3756855
2019-03-10,0.0233025344,0.020411367200000002,0.020411367200000002,0.021574289400000002,73880.5142940954,73441245.4300958
2019-03-11,0.0235109059,0.0208996024,0.0215801096,0.0224642138,90366.7099854909,76470645.6306779
2019-03-12,0.0669464136,0.0220428782,0.0224808993,0.0535750903,723333.250880969,182375478.712479
2019-03-13,0.0734397709,0.0527772263,0.0536422306,0.060109434100000005,395218.046321241,236046179.606512
2019-03-14,0.06657161340000001,0.059473136600000004,0.0600942365,0.062553537,332592.094480459,247357822.073209
2019-03-15,0.12538328710000002,0.0625376218,0.0625376218,0.1030289478,47095465.1327004,410233983.938228
2019-03-16,0.1048250913,0.0805235146,0.0976737917,0.0848878408,15650688.1845162,340326594.598375
2019-03-17,0.086457976,0.0651969242,0.0850094074,0.0688690814,90251622.8042046,277992091.243617
2019-03-18,0.0841935083,0.067632833,0.06907057400000001,0.0688040795,5270112.75238511,279614752.158009
2019-03-19,0.0798290462,0.0665698002,0.068832211,0.0798290462,1498883.79429604,326606508.70216
2019-03-20,0.0817041013,0.06857982160000001,0.0817041013,0.0719873475,1050787.31741776,296495833.060364
2019-03-21,0.07236815070000001,0.06433507890000001,0.0716949882,0.0684084234,534953.978821244,283629445.170861
2019-03-22,0.0683883965,0.0641546176,0.0683883965,0.06752659500000001,611997.89036093,281823323.575322
2019-03-23,0.0686256123,0.066056612,0.0675829616,0.0674987108,833286.219313393,283556227.924585
2019-03-24,0.06782131,0.064292134,0.0674387474,0.0643363208,738175.408506869,272033941.080954
2019-03-25,0.0657015928,0.0533974744,0.0649874746,0.0537871025,2185978.61328538,228902189.720669
2019-03-26,0.054638039900000004,0.0494162343,0.053938402,0.0505616703,790010.231663842,216560943.951416
2019-03-27,0.057561617700000005,0.0501674472,0.050592901,0.054571921700000005,889716.533077357,235232392.942481
2019-03-28,0.054855223,0.0495923635,0.0545179135,0.0501888989,654965.405845773,217714401.405411
2019-03-29,0.053802854500000004,0.04646757,0.0501716077,0.0472552143,848664.631803195,206283035.955005
2019-03-30,0.0486816538,0.045316147700000003,0.0472711244,0.0468657504,466333.118713389,205866903.393797
2019-03-31,0.046949507700000004,0.0441781626,0.0468657504,0.044378569400000005,749492.421056868,196157329.688818
2019-04-01,0.0467756638,0.0435911529,0.0443795822,0.044187356500000004,537813.088771985,196522763.830244
2019-04-02,0.0661166484,0.044168429200000005,0.044297494300000004,0.049803853200000005,858601.597378544,222866557.644484
2019-04-03,0.0516583798,0.0462178658,0.0498221601,0.0470376423,681600.660083388,211776782.121594
2019-04-04,0.0493299886,0.045158109700000004,0.047175731400000004,0.045867861600000004,412336.986308582,207766752.227639
2019-04-05,0.0566912272,0.045467556000000006,0.0460596145,0.0505600285,1400405.05866739,230405974.464707
2019-04-06,0.0542295522,0.0466932543,0.0505803299,0.0487230627,611930.283161669,223369657.325635
2019-04-07,0.0537136771,0.048420050900000004,0.0486825218,0.0535671396,497301.766975875,247044799.20316
2019-04-08,0.057780785800000005,0.0524118773,0.0536001938,0.0559919812,461213.259678776,258227858.510585
2019-04-09,0.0604342797,0.0530955677,0.0559919812,0.056061832900000004,579056.342619837,258550005.61879
2019-04-10,0.07240750700000001,0.055160754000000006,0.0560434416,0.07240750700000001,2133499.13510916,339885466.619768
2019-04-11,0.0912353791,0.0683468919,0.0744049578,0.08479856250000001,3583313.98486449,400373121.47147
2019-04-12,0.1052828921,0.0746271861,0.0854063623,0.0774229823,3599091.70512475,367670783.321389
2019-04-13,0.0866184087,0.06906240250000001,0.0774048133,0.08398449870000001,2752238.41226971,401131441.321006
2019-04-14,0.0866068435,0.0784144576,0.08398449870000001,0.08377244040000001,1250335.96173474,416375805.242865
2019-04-15,0.08579576530000001,0.0758407337,0.08377244040000001,0.0791735642,849407.082027945,395687059.418908
2019-04-16,0.0893733314,0.0755776467,0.0789099887,0.08516369900000001,1119434.31497328,427957309.539353
2019-04-17,0.0866544511,0.08140600590000001,0.08514463580000001,0.0844885579,660766.419505418,426879403.473105
2019-04-18,0.0873869117,0.0836632885,0.0842099675,0.0855112211,698765.316300925,434389193.79878
2019-04-19,0.08578468360000001,0.0823190154,0.08549177940000001,0.0840301037,520848.961648473,429167447.658523
2019-04-20,0.09216019460000001,0.0834356302,0.0841223264,0.0864053504,846561.045859478,443665828.875746
2019-04-21,0.0917479224,0.0814214691,0.0865295387,0.0830373981,657132.340033329,426372393.488165
2019-04-22,0.0833339803,0.0771008696,0.0829414069,0.0819115941,604317.060303132,422835877.365012
2019-04-23,0.08201513440000001,0.07687130040000001,0.0819115941,0.078114608,605494.495230371,407515706.148979
2019-04-24,0.0791845547,0.0673416277,0.078114608,0.0704405962,459932.291140308,369411071.958447
2019-04-25,0.0856256504,0.06998016230000001,0.0706659575,0.0741577068,514355.599026585,388904685.979359
2019-04-26,0.0751216264,0.06940325280000001,0.07427461540000001,0.0711766971,484679.110963702,373271399.892745
2019-04-27,0.0744043986,0.0711686074,0.0712213921,0.07396906090000001,312835.347894692,393995020.934978
2019-04-28,0.074729684,0.0725091154,0.0739899623,0.07317515840000001,282804.320024477,391771110.649885
2019-04-29,0.0746521626,0.0717612631,0.07324698,0.07359551880000001,462480.730991869,396037986.088097
2019-04-30,0.0741503114,0.0698744933,0.073963664,0.07302457180000001,270892.204900071,394966234.135977
2019-05-01,0.0744188314,0.07196864160000001,0.07303766140000001,0.0736488827,305201.958659199,400360707.107819
2019-05-02,0.0764359332,0.0727590454,0.0736686949,0.07349588580000001,745648.538575387,401542590.66881
2019-05-03,0.0817298741,0.0732220468,0.0734931883,0.0772864251,979351.329387907,424369526.03978
2019-05-04,0.0790288774,0.0715876708,0.0773016827,0.07400163330000001,1042729.85033918,408360611.419804
2019-05-05,0.07419258890000001,0.0714870244,0.0739890113,0.0725865039,522972.15016633,402540223.408367
2019-05-06,0.0729894292,0.0678847284,0.07178050200000001,0.0715414436,726534.982962779,398704711.81088
2019-05-07,0.0752205682,0.0644607302,0.07152079900000001,0.070003194,2103086.12754692,392049851.10251
2019-05-08,0.0725472118,0.0694291648,0.0702350411,0.0712679543,2958715.91075875,401085633.347477
2019-05-09,0.0735708167,0.056661726200000005,0.071544801,0.0694742225,1496460.59331619,392894176.336857
2019-05-10,0.0894555621,0.0652217546,0.0694142235,0.06639411,1319247.84090967,377294383.295859
2019-05-11,0.0733709396,0.0640824178,0.0664465627,0.0671820113,1328712.10840027,383612352.012028
2019-05-12,0.0719681694,0.0586838094,0.0671820113,0.06421831480000001,1441513.13355359,368448915.650585
2019-05-13,0.0697878195,0.0626664719,0.06421831480000001,0.06704902830000001,1382658.47922691,386526932.509864
2019-05-14,0.07023445090000001,0.0599583438,0.0671459508,0.0657721974,1710646.94867896,380968184.196847
2019-05-15,0.07041796,0.047613293200000004,0.06362747490000001,0.0690951653,2283663.585435,402108621.52479
2019-05-16,0.0714457018,0.0632369183,0.0692890485,0.065086137,1032642.9458117,380560723.19036
2019-05-17,0.07334546880000001,0.0583826963,0.0650425391,0.072706242,1278206.73333602,427107672.53842
2019-05-18,0.11803176450000001,0.0660027229,0.072706242,0.06832767790000001,1905223.76715449,403258099.171597
2019-05-19,0.07059034730000001,0.0653184745,0.06873918650000001,0.0668918216,1961078.53164568,396616577.102221
2019-05-20,0.0695432779,0.0618249112,0.0668918216,0.06693989,2555406.05880715,398735554.552878
2019-05-21,0.0683132625,0.0645709636,0.06750121270000001,0.06562789840000001,4094760.93266433,392718542.876228
2019-05-22,0.06635004850000001,0.0626939963,0.06562789840000001,0.0639121624,2918171.75815299,384202565.158519
2019-05-23,0.0714554242,0.0628508421,0.0639121624,0.0663351851,7396592.0544522,400585763.675304
2019-05-24,0.0696011239,0.06300103480000001,0.0661720959,0.0651467329,6290766.68184284,395193765.549127
2019-05-25,0.0680413129,0.0637573203,0.0651467329,0.0667584361,6525032.4411125,406799693.817158
2019-05-26,0.07290416670000001,0.0632357141,0.0665687849,0.07152693980000001,4394858.58599896,437816725.328497
2019-05-27,0.0731683988,0.0666067097,0.0718871638,0.0690507325,14021030.4809205,424551649.76219
2019-05-28,0.0691873549,0.0647950266,0.0689703,0.0674558298,14258278.6339325,416593652.062991
2019-05-29,0.0737478827,0.0631414917,0.0674558298,0.0700485295,16991226.5874212,434524782.158004
2019-05-30,0.07315719600000001,0.0643326514,0.0700485295,0.0675826789,20814919.7592722,432343986.99767
2019-05-31,0.0755263161,0.0640038337,0.0675826789,0.0702741278,23166245.3655692,451487204.498602
2019-06-01,0.0747702754,0.0691607217,0.0703928959,0.07322395770000001,17031913.5805848,472444987.515937
2019-06-02,0.08309250060000001,0.0731942317,0.07322395770000001,0.0770989732,19678802.6077476,512408929.366742
2019-06-03,0.09612057140000001,0.0729562851,0.0770989732,0.07651467540000001,19223634.617935,510621908.941663
2019-06-04,0.0774424575,0.0623893942,0.0764417975,0.0658538954,22914695.8874374,441281239.683539
2019-06-05,0.0698218569,0.0612451059,0.0658538954,0.0645747688,10735810.0604139,434479095.208542
2019-06-06,0.0686387918,0.0615173805,0.0644868179,0.06507835990000001,9782174.63045409,439650381.372501
2019-06-07,0.0675352645,0.062290008200000004,0.0650629621,0.06478207750000001,11584431.2056778,439423635.576102
2019-06-08,0.0666027798,0.0629612041,0.06464976800000001,0.06387899820000001,7812293.89608029,435048063.156435
2019-06-09,0.0644985497,0.0594211474,0.0637406969,0.0618047537,4796017.77296596,422614697.326113
2019-06-10,0.07049710640000001,0.0594888192,0.0615911652,0.0657885681,4729703.76235918,451658046.166141
2019-06-11,0.06796484,0.06399150890000001,0.06598016820000001,0.0674064863,4426322.55976212,464612288.213506
2019-06-12,0.06863279280000001,0.0656417408,0.0675452227,0.0675218717,4132115.08822787,467257518.715211
2019-06-13,0.0704485331,0.0655363937,0.067693896,0.0686831222,18587217.8836079,477175207.713357
2019-06-14,0.0689194879,0.0654424489,0.0687327257,0.0681094138,17648288.2002952,475055386.401665
2019-06-15,0.0713162217,0.06483801460000001,0.0681325275,0.0672107861,8064657.46311645,470628951.792872
2019-06-16,0.0725688162,0.0638871437,0.0672107861,0.0677187744,9722115.34758384,476041338.990109
2019-06-17,0.0693825581,0.0636054416,0.0677757938,0.0674241932,9149684.02917792,475817765.348447
2019-06-18,0.0676788744,0.0650548225,0.0675022602,0.0676415787,11647001.2198971,479205065.542584
2019-06-19,0.0688430304,0.0622062238,0.0673627056,0.064872255,5796704.3318311,461363183.320004
2019-06-20,0.067770496,0.0605338194,0.06469457170000001,0.0639062626,3534690.55750802,456244025.265746
2019-06-21,0.064682722,0.0569544471,0.06364530610000001,0.0594090254,7245531.09283751,425764681.875667
2019-06-22,0.0634995251,0.055897033000000006,0.0596836704,0.056992611000000006,2946238.51554413,410008487.144017
2019-06-23,0.0627567304,0.055465072600000005,0.056844183400000005,0.060186269300000005,2713417.62815619,434632807.662206
2019-06-24,0.060527101300000004,0.056333514300000005,0.060186269300000005,0.0578851772,4698905.91243834,419601455.724795
2019-06-25,0.0775542528,0.0569906959,0.0576948802,0.07491712980000001,4889648.36741657,545116193.026844
2019-06-26,0.0772121684,0.0644499676,0.07491712980000001,0.0688969898,5437087.17384874,503199704.055429
2019-06-27,0.0699654364,0.057100058,0.0688969898,0.0598954852,4711717.16682443,439096810.187777
2019-06-28,0.06688744690000001,0.0595481797,0.0599503804,0.0613430769,8081627.12223153,451389809.79923
2019-06-29,0.0675860049,0.059178833400000005,0.06154877,0.0641649591,7933668.2591707,472154481.975277
2019-06-30,0.0699469086,0.0571968345,0.0633595736,0.0611616322,6550537.90551374,453405981.254434
2019-07-01,0.0650246653,0.051502827,0.0611616322,0.056783916000000004,5771235.04562619,422508635.186612
2019-07-02,0.0591152656,0.048205392400000005,0.0561574133,0.055500188900000004,4888325.57574635,414477438.307264
2019-07-03,0.0684743412,0.0557269663,0.0557269663,0.06785591910000001,6178373.09375131,508609548.584973
2019-07-04,0.0744296535,0.0628988061,0.0677099479,0.0716978689,3615473.14917934,539370954.38634
2019-07-05,0.07418475420000001,0.0693443084,0.07177002040000001,0.0712176311,2966099.32785662,549578979.78011
2019-07-06,0.0755013961,0.07143136600000001,0.0714364556,0.0722696864,3073959.04580818,559677571.19325
2019-07-07,0.07556115270000001,0.0715960101,0.0722768186,0.07311422840000001,3570565.36063045,568221081.13917
2019-07-08,0.0853087137,0.0730882575,0.0732612638,0.0806456086,3486576.21682386,628962098.055303
2019-07-09,0.082424681,0.076939465,0.0807784793,0.08089922890000001,2551923.03340503,633156521.844917
2019-07-10,0.1030454167,0.0807054083,0.08088348990000001,0.0926423462,5683190.7820147,727601988.524549
2019-07-11,0.1073227254,0.09195682670000001,0.09292317500000001,0.1033685854,13253540.3552296,814676613.306391
2019-07-12,0.1550128116,0.0838839989,0.10356654600000001,0.0898458641,73817729.3443972,710561811.365728
2019-07-13,0.0961161413,0.0783389942,0.0901150022,0.08122933930000001,10485045.8856879,644641971.604733
2019-07-14,0.0814284418,0.06886566100000001,0.081200935,0.0724661016,11071922.1042664,577081648.916062
2019-07-15,0.0747641436,0.0678928174,0.0727687316,0.0692215068,8560193.52958104,553139894.532535
2019-07-16,0.0701349649,0.0543128432,0.0692167757,0.0543128432,6044723.65855888,435494761.216605
2019-07-17,0.0549832924,0.0478293676,0.0541866783,0.0511206005,4707664.40774371,411299078.257723
2019-07-18,0.0626237272,0.0496561513,0.0511261779,0.0615010501,4096194.00546979,496501628.504884
2019-07-19,0.061956986500000005,0.054282606000000004,0.0615010501,0.056112485100000005,4232820.46569573,454536751.308368
2019-07-20,0.0580196808,0.0547733024,0.056404336400000005,0.0560304482,3217588.31703902,455407295.627497
2019-07-21,0.0567769697,0.0532679873,0.0560304482,0.0545989964,3423091.20719323,445268527.790488
2019-07-22,0.0656918246,0.054251651500000005,0.054570755900000004,0.0651905061,8237280.25026859,533430990.958466
2019-07-23,0.0773263752,0.0655415528,0.0655415528,0.07073386670000001,13005600.3354301,580728275.772625
2019-07-24,0.0768690776,0.062376531900000004,0.07073386670000001,0.062406760500000005,15822291.6951149,514072127.424292
2019-07-25,0.0677848425,0.0598211227,0.062464257200000005,0.0611860895,5272506.00161553,505693250.903836
2019-07-26,0.0619575786,0.0573083636,0.0610981124,0.061140546600000005,5435371.31253834,506991930.089975
2019-07-27,0.0631195027,0.056341167500000004,0.061140546600000005,0.0567457045,5958571.11999721,472103532.581918
2019-07-28,0.0581629187,0.0546881189,0.0567457045,0.0561839836,5042147.96654931,468969506.854145
2019-07-29,0.057441333600000005,0.0540153863,0.0562287556,0.054536809400000004,3370431.01323864,456714650.020559
2019-07-30,0.0676574394,0.0543954471,0.0546317622,0.0593283063,7927824.34097418,498466135.163617
2019-07-31,0.0602868812,0.0575074413,0.0591504298,0.0586295208,3753736.86298308,494201348.789046
2019-08-01,0.0602595451,0.055306979400000005,0.058667070800000005,0.057259121100000004,4366238.91565118,482649942.903077
2019-08-02,0.057885746700000004,0.054900973900000004,0.057143721700000004,0.055682826500000004,3666065.59356206,469363003.246859
2019-08-03,0.0567083077,0.0552682314,0.0556276252,0.0561635283,3259489.55272211,473414946.231197
2019-08-04,0.056901332000000006,0.0548199589,0.0562131437,0.0565146652,4208620.68351918,482568146.002237
2019-08-05,0.0601015879,0.053580444500000005,0.056525312300000005,0.055367147500000005,6763461.43476357,474286615.03963
2019-08-06,0.056396369,0.050828521,0.0552569576,0.0517737476,7152751.923893,444923255.69808
2019-08-07,0.0528287948,0.0464928859,0.0518662042,0.0464928859,12544925.6819274,400815381.970367
2019-08-08,0.0487274908,0.0447717178,0.0464928859,0.0474005589,11934499.3460507,409939079.959561
2019-08-09,0.0563480285,0.0469211903,0.047173050200000004,0.0513805722,18628301.3529916,445767521.729042
2019-08-10,0.0556381861,0.0503522553,0.0513805722,0.051322434,18436647.699489,446669220.137439
2019-08-11,0.052162710300000005,0.049142113800000005,0.051373064,0.0492604337,14742349.2304829,430072827.875624
2019-08-12,0.049671148500000005,0.047175737,0.0494121073,0.0472100778,10840297.6837031,421333776.869274
2019-08-13,0.0486673057,0.046817469800000004,0.0473069647,0.047042736200000004,11363082.4172448,421129152.10271
2019-08-14,0.0482444645,0.045806921800000004,0.0471315912,0.0467504179,23392073.0285827,419793136.357511
2019-08-15,0.0481585166,0.0433670533,0.0467504179,0.0467554533,12455915.4214174,421119322.411031
2019-08-16,0.0475113885,0.0433018045,0.0467527666,0.0439242238,11123853.3007425,396822268.327702
2019-08-17,0.048011841400000005,0.043455655,0.043770795,0.0443296985,14165836.3676955,401699939.092891
2019-08-18,0.046593435200000005,0.043794702500000005,0.0446015102,0.0458060745,12872434.2096352,416333293.609183
2019-08-19,0.0464100875,0.0443532513,0.0457281113,0.0457545628,12484699.9787436,417118651.08983
2019-08-20,0.0463920099,0.0434912266,0.0457545628,0.0446770495,11499897.2734499,408519596.387815
2019-08-21,0.0449746767,0.0422272161,0.0445690425,0.0432040698,10646613.7073129,396234585.002608
2019-08-22,0.0442000591,0.042133924600000004,0.0431244095,0.0436674572,5103136.63077989,401680787.926901
2019-08-23,0.043906803700000004,0.042798191900000004,0.0436674572,0.043107503400000004,8379722.45860525,397711007.814752
2019-08-24,0.0434653792,0.0423928539,0.0431646236,0.0429707459,9786227.45926166,397626560.109713
2019-08-25,0.0432619315,0.041968829400000005,0.0429707459,0.0422034175,7468922.72715745,391682402.041107
2019-08-26,0.043472443300000004,0.042012384,0.0422027153,0.0422817169,8159374.55896722,393567488.23135
2019-08-27,0.0424709819,0.0406459281,0.042407246600000004,0.040771969000000005,6329495.04918313,380631463.657393
2019-08-28,0.041841840400000004,0.0392260856,0.0408604378,0.0410274832,10657082.3462141,384140887.406369
2019-08-29,0.0412251833,0.0390732919,0.0408795787,0.040009883,8025616.52999851,374613082.632996
2019-08-30,0.0408148636,0.0384558091,0.040009883,0.0386722514,8735578.56991857,362088819.896895
2019-08-31,0.0396656712,0.038642509400000004,0.038642509400000004,0.0390571273,6413634.74200204,365692417.856646
2019-09-01,0.040762239000000006,0.0385333545,0.039028193100000004,0.039091803700000004,5838884.61325319,366017093.114689
2019-09-02,0.0421825574,0.0385590976,0.0390508677,0.0410087889,8470872.75994004,383965852.411892
2019-09-03,0.0415927886,0.0359437488,0.0410785134,0.038349073500000004,9222248.49073539,359062900.55428
2019-09-04,0.0394908878,0.0366418711,0.038380013500000004,0.037883969100000005,6180114.04014638,354708121.251343
2019-09-05,0.0424300821,0.0368865307,0.0378639423,0.0416761052,9760315.57415595,390213944.106627
2019-09-06,0.0440188056,0.0395576819,0.0416761052,0.0413291371,9711219.79663979,386965276.356394
2019-09-07,0.0421689603,0.039888981500000004,0.0419456432,0.0412093444,4152778.80763347,385843656.439619
2019-09-08,0.0417282718,0.0393809933,0.0412093444,0.0394636644,9985807.53346559,381391989.8865
2019-09-09,0.0400398267,0.0386152161,0.0394636644,0.039099110900000004,10549834.9826752,378940013.094216
2019-09-10,0.0396819438,0.037865786400000004,0.0392251273,0.0381043932,6945044.74293498,370343383.120662
2019-09-11,0.0385951842,0.037490522000000005,0.0381043932,0.0377950678,6310215.62574767,368372476.257646
2019-09-12,0.040835811,0.0375899603,0.0377950678,0.0403941591,9786379.14912308,394811404.715746
2019-09-13,0.0407262404,0.038805877,0.0403175502,0.0391935457,7714046.36730961,384150437.903466
2019-09-14,0.040052689,0.0389718358,0.0391699314,0.0397444691,8028787.43376295,390639130.940517
2019-09-15,0.0401359468,0.038673599100000004,0.039531141400000004,0.039106175,8568184.4894461,385436889.356229
2019-09-16,0.0398434951,0.0382103558,0.0390500718,0.0390326168,8837159.02548441,385781274.16319
2019-09-17,0.0395081574,0.0378709637,0.0390486906,0.0384424821,9980444.95775058,381001860.707097
2019-09-18,0.0396755676,0.0376284504,0.0381828071,0.0389652168,12337385.399322,387250202.742817
2019-09-19,0.039828093700000004,0.0383601097,0.0389786035,0.0394346092,13750240.7868735,392995592.10449
2019-09-20,0.0403942117,0.0390831827,0.03942939,0.0393971439,10215951.4649946,400267786.330709
2019-09-21,0.0394703687,0.0383564488,0.0393684397,0.038578389000000005,8669072.46030356,393006328.258776
2019-09-22,0.0397962913,0.038119690500000004,0.0385619121,0.0395899262,4517260.65957534,404395730.419951
2019-09-23,0.0396208496,0.037552723100000004,0.0396018724,0.0376016386,8007445.0062651,385116325.789724
2019-09-24,0.039173089,0.035263804100000004,0.0384105812,0.036120841,7492762.1667561,370939595.481049
2019-09-25,0.0364167039,0.0332532402,0.036000726000000004,0.0345872184,4861543.97580632,356137796.528236
2019-09-26,0.036051904600000004,0.034014202300000004,0.0345496035,0.0343635381,7108153.67475117,354776071.052251
2019-09-27,0.0353009195,0.0335831148,0.0342711592,0.0351758909,6162918.29397304,364126688.296575
2019-09-28,0.035348202,0.0345633216,0.0352000806,0.0348894489,4418623.50062877,362117431.260619
2019-09-29,0.035709730700000004,0.034688067600000004,0.034922068300000005,0.0351636964,4548466.78304717,365927233.042675
2019-09-30,0.035874992200000004,0.034155268100000004,0.0351636964,0.035676978500000005,6860999.91201937,372246099.402822
2019-10-01,0.0372313266,0.0342036856,0.0357230689,0.034772726000000004,5619515.8374145,363763996.25297
2019-10-02,0.0359435163,0.0334549455,0.034772726000000004,0.035504845,6888512.87914504,372395566.247412
2019-10-03,0.0360545683,0.035100835500000004,0.035505782300000004,0.035866553,5636749.92532314,376189370.956127
2019-10-04,0.0366050936,0.035480021800000004,0.035822614100000004,0.0364761664,4791464.34535593,382583352.249779
2019-10-05,0.0364761664,0.035030527,0.0364761664,0.0351518604,4977612.25474592,368693257.328213
2019-10-06,0.0358346063,0.0341509009,0.03513363,0.034439261900000004,5660668.00608586,361219107.895393
2019-10-07,0.0360513015,0.0340907211,0.0344675663,0.035676897,7485613.69863521,374200147.981055
2019-10-08,0.0358118297,0.0345759526,0.035667316000000004,0.0352012427,7909624.85226369,369211207.173308
2019-10-09,0.0362460456,0.0347891072,0.0352012427,0.0358513085,9790570.19196472,376029477.997558
2019-10-10,0.0365757073,0.0353149391,0.0358438003,0.0364758532,10847272.1381929,382580067.109747
2019-10-11,0.0365230119,0.034693583,0.036478762000000005,0.034693583,11665622.5475256,363886575.649129
2019-10-12,0.0352230425,0.0344432875,0.0346863169,0.0345908146,8342161.72876463,372285616.166883
2019-10-13,0.0351665135,0.0339304037,0.034596812000000005,0.0346556686,7249730.12079733,373933082.068159
2019-10-14,0.0349833975,0.0340465908,0.0346556686,0.034431815000000005,9247971.57084385,372461049.500718
2019-10-15,0.0348591609,0.0340590323,0.0343877105,0.0342950875,9554639.59906715,371921611.122261
2019-10-16,0.034443570300000004,0.0327477268,0.0342950875,0.0335633233,8761803.89181875,364905355.248601
2019-10-17,0.0337741921,0.0329865709,0.033494909600000004,0.0336505764,10253346.9587522,366775917.665409
2019-10-18,0.0337971923,0.0328894813,0.0335851983,0.0331360433,10406839.8147826,362075577.780196
2019-10-19,0.0336012231,0.0328272385,0.033260530600000004,0.0330519649,9917666.91741792,362062392.177999
2019-10-20,0.0340377685,0.0330514175,0.0330667673,0.0335405372,11591287.6048107,368333296.313461
2019-10-21,0.0339303914,0.032995768200000004,0.0335854838,0.033473360300000005,11895091.1416913,368512656.241154
2019-10-22,0.0342403509,0.0331894443,0.0335668363,0.0337438858,10739045.3945627,372415397.259679
2019-10-23,0.033848156500000004,0.0312741427,0.033621646000000005,0.0317406249,13516600.9243562,351175954.505705
2019-10-24,0.0325151086,0.031082842000000003,0.0318485023,0.0316347648,7729146.3009755,350871431.961696
2019-10-25,0.0350191198,0.029494096,0.0316347648,0.0346536742,7375269.50033301,385304551.033194
2019-10-26,0.039588364300000005,0.0345701286,0.0346525981,0.0364203503,9963929.97806481,405945548.370048
2019-10-27,0.0370684929,0.0353655126,0.0364203503,0.035694499500000004,5273911.78322812,398833060.14618
2019-10-28,0.037156294900000005,0.0354368262,0.035702006200000004,0.0358586217,7849624.19534984,401649310.449309
2019-10-29,0.037003135,0.035579773700000004,0.035761439400000004,0.0365585316,6121963.40849458,410490544.403278
2019-10-30,0.0367138334,0.0355325716,0.0366068976,0.036106531500000004,9478274.36892421,406404566.697843
2019-10-31,0.037421840500000005,0.0357991321,0.036087708,0.036996734100000005,8513919.91209844,417438036.434423
2019-11-01,0.038100492900000005,0.0359569508,0.0370181308,0.038100492900000005,18757436.1026937,430935711.983773
2019-11-02,0.0393815537,0.037291723900000004,0.038100492900000005,0.037504004300000005,14861171.9590869,425216633.114475
2019-11-03,0.038294731900000004,0.0369200541,0.037460648900000004,0.0380227797,14471872.4792401,432140176.399475
2019-11-04,0.0383422469,0.0362272895,0.0380340847,0.0374281786,23562947.4213313,426407788.699833
2019-11-05,0.0375811812,0.036539952300000005,0.0374281786,0.0369815318,22236606.9695711,422332470.663549
2019-11-06,0.0375389265,0.036259238400000005,0.0370371641,0.0363414565,22637193.8761939,416018408.810432
2019-11-07,0.0411322711,0.0361373415,0.0363382769,0.0382947346,30794410.137579,439427708.040445
2019-11-08,0.03877477,0.036270697000000005,0.038346858500000004,0.0374693517,32991341.9080061,430983090.504366
2019-11-09,0.037742922400000004,0.0349012229,0.037303869,0.0351333793,16305229.21829,405076633.541689
2019-11-10,0.036151821300000005,0.0348692018,0.0351387941,0.035846805100000004,23804450.9674572,413302205.32363
2019-11-11,0.0362412264,0.0345971735,0.0358462793,0.0350679073,19830492.0883428,406243291.451895
2019-11-12,0.0357891884,0.0348144154,0.0351811782,0.0351822259,18448100.0117878,408531508.510319
2019-11-13,0.0357753678,0.0345377165,0.035299482800000004,0.034973318,17437942.4525554,407063870.649473
2019-11-14,0.041267352300000004,0.0345132703,0.0350386844,0.0371918233,21372421.5637682,433904604.656835
2019-11-15,0.0396119214,0.03557011,0.0371918233,0.0357818782,34487949.7444778,418239505.920772
2019-11-16,0.0374938063,0.0348650955,0.035677783000000005,0.0354175391,13515995.7167031,414757172.383603
2019-11-17,0.0375627456,0.0353355098,0.0354175391,0.0362099897,15593484.0577055,424830810.187759
2019-11-18,0.036998132,0.035014178800000004,0.0362465973,0.035851968500000005,22644837.1308866,421416152.089277
2019-11-19,0.0360972091,0.0330861172,0.0359063597,0.0338153082,15953221.6430176,397476558.441458
2019-11-20,0.034505909200000004,0.0325109211,0.0338153082,0.0337260852,15380058.5840136,397906205.296408
2019-11-21,0.034159847,0.03158963,0.033721313600000004,0.0321548605,5231770.41764259,380073387.976815
2019-11-22,0.032166881700000004,0.0293007747,0.0321548605,0.0300964012,5446138.57088912,356401858.344165
2019-11-23,0.0310015179,0.029746198800000002,0.030084236700000003,0.0308500462,2204750.63248577,366002693.805046
2019-11-24,0.031263146400000004,0.0296665001,0.0308788426,0.0302448791,2496050.85932878,358823036.333905
2019-11-25,0.0304157161,0.0275911388,0.030270139,0.027750118400000003,3458925.82968094,330441820.77607
2019-11-26,0.030782510500000002,0.027212488200000003,0.0278113896,0.0276802898,3850478.69307173,330217010.268428
2019-11-27,0.0288039821,0.0265943914,0.027462743100000003,0.0283063024,4811446.47063953,338305552.636508
2019-11-28,0.029443024300000002,0.0272715146,0.0282333542,0.0274089512,4179157.49169627,328181514.887371
2019-11-29,0.0287921793,0.0271023654,0.0272507895,0.0283573009,3876162.51534494,340158125.189445
2019-11-30,0.0288049169,0.0269513924,0.028358010500000003,0.0272134061,4755668.88579244,327033068.701133
2019-12-01,0.027378877500000003,0.0260118153,0.027351537000000002,0.0264692384,5390894.73406003,318670292.011011
2019-12-02,0.0268516278,0.0256250352,0.0264667625,0.0258693951,4190033.41183269,312015617.08612
2019-12-03,0.0265910283,0.025608657700000002,0.0258693951,0.0260506527,4625967.11386587,314772772.783435
2019-12-04,0.027013827600000002,0.0253512841,0.0259892444,0.0262428276,1447408.06494967,317670027.833987
2019-12-05,0.0306678433,0.026206007700000002,0.0263083534,0.029639002900000003,5870201.53942603,359430429.031312
2019-12-06,0.0298671278,0.0290516499,0.0296076125,0.029767364600000002,5876245.7983358,361639499.061201
2019-12-07,0.030035304500000002,0.0294398479,0.0297997756,0.0297826009,6380389.0495491,362477372.187033
2019-12-08,0.0301066704,0.0291646495,0.0297826009,0.029670114100000002,5900045.17810045,361108319.649605
2019-12-09,0.0299925594,0.0292201462,0.029670114100000002,0.029580856200000002,4753813.97903009,361318677.311666
2019-12-10,0.029775953600000002,0.0289629882,0.0296166513,0.029123707000000002,3322247.42790456,356373105.526252
2019-12-11,0.029436491800000002,0.0287496517,0.029100725400000003,0.028996097800000002,4636531.37493803,355447141.747661
2019-12-12,0.0296395871,0.0288705174,0.0289974516,0.0295057334,2702435.08476643,362341184.337545
2019-12-13,0.0297610986,0.029154426400000003,0.0293212843,0.0294946224,2620959.52171398,362851195.358473
2019-12-14,0.030437053300000003,0.0294874156,0.0294874156,0.0298330249,8915844.61260171,367668192.452381
2019-12-15,0.0308603811,0.0295611302,0.0298330249,0.0306066764,9832909.68716448,377873659.914835
2019-12-16,0.0321116809,0.0302048883,0.0306066764,0.030874417600000002,8094699.6146428,381855924.316104
2019-12-17,0.0324227792,0.030329687900000003,0.030874417600000002,0.0305719848,6872780.67777339,378785495.585646
2019-12-18,0.033612231,0.03000517,0.0305719848,0.0332455705,4378500.84513945,412639769.856388
2019-12-19,0.0336430715,0.0323075128,0.0332455705,0.0333306779,5710471.482899,414426648.020668
2019-12-20,0.0363960422,0.03219353,0.0333306779,0.035396618500000004,14276612.0795603,440889936.074064
2019-12-21,0.035396618500000004,0.0337577685,0.035396618500000004,0.034098639,9484378.27507729,425470049.958742
2019-12-22,0.0356875268,0.034058947400000004,0.0340993853,0.0356586093,7934626.35402235,444934775.10396
2019-12-23,0.037340937500000004,0.0349130156,0.0356733269,0.034992745,7398717.65847087,436626369.495457
2019-12-24,0.037114924300000005,0.0346979263,0.0349931917,0.0350033004,7171267.47829563,436758076.057739
2019-12-25,0.0352944275,0.034500343600000004,0.034918361700000004,0.034919892,6155648.51791345,435717337.147057
2019-12-26,0.035547940300000004,0.0345567766,0.0349211415,0.035339277,7033277.78269831,440950266.38538
2019-12-27,0.036016114700000004,0.0349987713,0.0355380235,0.0355758096,8576912.77180215,443901631.113091
2019-12-28,0.0371152045,0.033193904,0.035564337,0.034016895000000005,26571504.1700033,429669109.559524
2019-12-29,0.0353441859,0.0334732971,0.0340106091,0.0348748318,8313354.98709319,441270132.30287
2019-12-30,0.036756085200000004,0.0337923132,0.0347912403,0.033930311000000005,11412485.13987,430062818.713367
2019-12-31,0.034234504,0.033272171600000004,0.033923293300000004,0.0335762359,10647160.793809,426310874.989894
2020-01-01,0.034196318100000005,0.0335762359,0.0335762359,0.0339726968,11329574.4676932,431344660.351475
2020-01-02,0.0339726968,0.0325775505,0.0339726968,0.0328584191,10238184.5108509,418637264.833287
2020-01-03,0.034930345200000004,0.0327165832,0.0329645806,0.034666359,13517005.7585763,442431385.179958
2020-01-04,0.034891307100000005,0.0341950444,0.0345982875,0.0346885198,9840614.46778518,443474510.380264
2020-01-05,0.0353369538,0.0345978642,0.0347983527,0.0346182014,7626232.69826218,443334280.939918
2020-01-06,0.0365426879,0.0346055186,0.0347149703,0.0365293688,10044474.8609006,468610085.588146
2020-01-07,0.0383777394,0.0365901043,0.0366236119,0.0382186679,5271186.64398453,491118608.743279
2020-01-08,0.0418652817,0.0381951213,0.0382186679,0.040191599,6041244.6644258,517352135.128411
2020-01-09,0.0403102148,0.0385069168,0.0402610822,0.0387405243,11042954.4516196,499522797.133672
2020-01-10,0.0404585264,0.038121284000000005,0.038686728600000005,0.0404585264,15037914.5556443,522561588.502105
2020-01-11,0.0411117115,0.0397655627,0.0405127801,0.0402494121,15910131.1567766,520742850.287546
2020-01-12,0.0413272416,0.0400163546,0.040253446000000005,0.0411163833,15933826.55973,532860818.011418
2020-01-13,0.041494791600000004,0.0402871852,0.0410899012,0.0412090628,7392187.85085963,534965139.923822
2020-01-14,0.0438929672,0.0411437709,0.0412017033,0.043701011000000005,6228652.04392862,568272781.408049
2020-01-15,0.0458261188,0.042903054100000004,0.043624626400000005,0.04557847,11692085.8011157,593685587.112446
2020-01-16,0.0461543096,0.0445571451,0.045575170400000004,0.046119088600000004,16061791.5343543,601738282.130133
2020-01-17,0.0472077604,0.0457043821,0.0460838,0.0471384454,19425074.9438755,616071499.894206
2020-01-18,0.0554525892,0.0467206254,0.0471028771,0.0473182611,9781479.23462122,618421583.746872
2020-01-19,0.0484446783,0.046212514600000004,0.0473182611,0.046372859200000005,8578536.4475494,606065742.500815
2020-01-20,0.047604803,0.046084652100000005,0.0464579466,0.0471574602,16776457.1286765,616320011.833771
2020-01-21,0.047695000800000005,0.0463047363,0.0471404307,0.047637746,18718214.2397366,622597062.491485
2020-01-22,0.0482757705,0.0472681036,0.0475292054,0.0480930263,16110724.4546329,633817774.358039
2020-01-23,0.048214060100000004,0.045703819400000005,0.0480883628,0.0464850694,12561724.3192482,613645367.672776
2020-01-24,0.047127901400000005,0.045620294000000006,0.0465158143,0.046690142500000004,19098843.1220557,616352520.423303
2020-01-25,0.0467407803,0.045554533,0.046738924300000005,0.0462230971,18470753.407433,610187094.609903
2020-01-26,0.0474971827,0.0458369153,0.0462740068,0.0474080797,10759313.1171693,628947190.104262
2020-01-27,0.0494384686,0.0473438146,0.047444252900000004,0.049084833800000005,10449071.1365396,652267960.311285
2020-01-28,0.0523693026,0.0487106467,0.0490655372,0.0523237619,10067207.5292913,696455551.747421
2020-01-29,0.0535440364,0.051185979900000005,0.0523449437,0.052037908,6290559.00819199,693791249.876364
2020-01-30,0.053105409000000006,0.0513916933,0.052050432,0.052898218600000005,4999481.99618299,706420685.985124
2020-01-31,0.0536012659,0.0519956165,0.0528808896,0.0532836298,5277591.35733577,712735456.902802
2020-02-01,0.054128763,0.052448225200000004,0.0532050086,0.0526417059,3654612.51981092,705302710.315851
2020-02-02,0.055201035200000005,0.051497047600000005,0.0526768434,0.054187418200000004,14742141.8246263,727200101.424942
2020-02-03,0.055278802200000005,0.0530398247,0.054187418200000004,0.053552069800000004,10608955.4233737,719847411.057545
2020-02-04,0.0562193276,0.0533991631,0.0536426975,0.055910560500000005,15316509.150828,752775701.380968
2020-02-05,0.0587947563,0.0556745661,0.0558904089,0.0582361029,23670041.9137299,785363042.335552
2020-02-06,0.059486438200000005,0.0577319904,0.0582361029,0.0589764454,18881271.9410747,796639820.931756
2020-02-07,0.0597027746,0.0588005476,0.059049417800000004,0.0592078928,19060486.1661012,801063865.060177
2020-02-08,0.0595391133,0.0582707638,0.0592264334,0.059396413,12449261.9552778,804916321.661301
2020-02-09,0.061951932700000004,0.0588121993,0.0593671985,0.0616076559,19795985.0147104,836232502.382101
2020-02-10,0.0677833604,0.059139375,0.0617062036,0.060572492500000005,22275328.7069882,823509311.91252
2020-02-11,0.0629738577,0.0593144732,0.0604747174,0.0624461929,20457660.9534572,850351764.01533
2020-02-12,0.06450443630000001,0.062442604000000006,0.0626413654,0.0642186027,13533523.8792134,875894822.549093
2020-02-13,0.06708496060000001,0.0635722806,0.0642186027,0.0662081193,9614061.41210718,904481513.224823
2020-02-14,0.0872808525,0.0648212349,0.0662255004,0.0692859113,29073233.8003043,948046400.758999
2020-02-15,0.0713326693,0.0623242777,0.0692859113,0.0625867189,23132336.1517161,857752411.509435
2020-02-16,0.0652897804,0.060567411800000005,0.0626856824,0.0620990073,18574389.7662533,851068312.860834
2020-02-17,0.06254142260000001,0.0568632643,0.062170976600000004,0.058211710900000005,23772983.5679299,797792827.578205
2020-02-18,0.062105418600000004,0.0569805395,0.0581097142,0.0617432382,21652630.274957,850252319.101771
2020-02-19,0.06266576830000001,0.059673246900000004,0.061812235900000005,0.059847137700000004,20608557.719287,825453260.788849
2020-02-20,0.0608129877,0.057261497,0.0599449733,0.0578300036,16910849.2932196,797631547.456112
2020-02-21,0.0590427009,0.0575574255,0.0576814433,0.0586344049,25833187.3762642,808726407.996479
2020-02-22,0.059780139,0.0578692788,0.058494987400000004,0.059079142700000004,38839904.8342711,814860540.287788
2020-02-23,0.0620651014,0.0588811823,0.059225216600000005,0.061870693600000005,31065964.8080081,853363548.049844
2020-02-24,0.0627672574,0.0593103465,0.0618444022,0.060189887000000004,22774495.1090642,830180697.610564
2020-02-25,0.0605958366,0.05891041,0.0601978394,0.0592419853,20985544.815686,817106579.579784
2020-02-26,0.0593338818,0.0523499465,0.0592855616,0.0531441379,17364234.5325379,733000834.744486
2020-02-27,0.0544520547,0.051407253,0.0531518379,0.0537204035,5785828.26136641,740949090.779307
2020-02-28,0.054407454800000005,0.0519147971,0.0536921718,0.0534196818,12937109.0352711,736801327.841805
2020-02-29,0.054338434500000005,0.0524423015,0.0533005259,0.0524423015,16695204.3414781,723320621.255632
2020-03-01,0.054019333200000005,0.051965042600000004,0.0523400594,0.053065614600000005,16135029.0583095,731917787.692052
2020-03-02,0.0557612238,0.052484254,0.053015681200000005,0.0551856863,17098421.3923636,761159288.373387
2020-03-03,0.0576481503,0.0549240697,0.0551430864,0.0566719537,8697814.89678763,781658919.390515
2020-03-04,0.057662825,0.056430869700000004,0.056677047700000004,0.0567854951,9924382.13260805,783224961.033965
2020-03-05,0.058514826900000004,0.056809353300000004,0.056809353300000004,0.0576822335,16964757.6680297,814557421.29238
2020-03-06,0.0582616315,0.0569909966,0.0576947819,0.0571791954,8107906.41645104,808707031.148077
2020-03-07,0.0578045713,0.056168076500000004,0.057038483,0.0563792803,3425904.27887232,798629239.494718
2020-03-08,0.0564946692,0.051146049900000004,0.0563792803,0.0512411009,3516045.04866501,726968495.221109
2020-03-09,0.0516095249,0.0479873426,0.0513180224,0.0491989303,4545823.80678962,699074115.762733
2020-03-10,0.0518722395,0.0487339171,0.0491527286,0.049167940800000004,6118951.89925324,699711434.788775
2020-03-11,0.049788099700000005,0.0473727784,0.049162931800000004,0.0491046315,9232985.6014154,698810477.914036
2020-03-12,0.0493600759,0.0300703628,0.0491088414,0.0300703628,8719280.4489202,427932842.84954
2020-03-13,0.0361914282,0.025208364400000002,0.030129924000000002,0.0339385563,11377827.4136271,482981299.893962
2020-03-14,0.0356428666,0.0313771617,0.0339845456,0.0318666644,15568197.7436092,453496101.868695
2020-03-15,0.0357997524,0.0313199314,0.0318666644,0.032557768200000003,15715235.6669992,463331234.759471
2020-03-16,0.0326418878,0.028418949800000003,0.0326395309,0.0314335685,15650080.7052347,447332691.698952
2020-03-17,0.0343708054,0.0314430651,0.031513,0.0337695607,10685821.4017971,480576314.374485
2020-03-18,0.0353416224,0.0335387205,0.033598316,0.034537745,15981737.9966234,491508383.173105
2020-03-19,0.040848979300000005,0.0345086323,0.034537745,0.0397794688,18813358.0119123,566103618.754661
2020-03-20,0.0431096903,0.0367003746,0.0396878597,0.0387010189,15508977.6164713,550756144.540054
2020-03-21,0.0391766772,0.0366609388,0.0387010189,0.0377987444,16229619.8374469,537915830.180394
2020-03-22,0.0394592525,0.0356540824,0.037788189300000004,0.0359678628,14789272.3662106,511860462.471826
2020-03-23,0.040457490900000004,0.035672172200000005,0.0359678628,0.0402623061,11364819.4157373,572974901.001608
2020-03-24,0.0454981301,0.0402829024,0.0403519955,0.0437372233,11740650.9267871,622426622.212605
2020-03-25,0.0449252002,0.0426701768,0.0437696713,0.0433962506,13060671.3798128,617574222.236646
2020-03-26,0.0454676649,0.0433962506,0.0433962506,0.045158420500000004,8762551.94241174,642651750.294088
2020-03-27,0.0472663537,0.0449226324,0.0452669036,0.0452518617,8037250.12246406,643981516.915301
2020-03-28,0.0452196863,0.0419777855,0.0451236988,0.042412950500000005,19831429.8381507,603580828.577571
2020-03-29,0.043387547400000004,0.041272255800000004,0.0424778345,0.041472821,19018071.6161708,590201799.431013
2020-03-30,0.0482344075,0.0412256862,0.0414233987,0.047521597900000004,14662644.5161629,676282246.485087
2020-03-31,0.0493214478,0.0472686779,0.0475579306,0.0489028322,7697987.71428446,695938661.238107
2020-04-01,0.049105066,0.046291886500000004,0.0489028322,0.049105066,4207064.21257876,698816660.946738
2020-04-02,0.050494413700000004,0.046993588,0.0490431074,0.0475339772,4250932.38653975,676458417.270993
2020-04-03,0.0492994535,0.0471635876,0.0475802305,0.0476721188,13616300.1377508,678424316.660314
2020-04-04,0.0484855022,0.0472915015,0.0476721188,0.048084396,6517430.6757741,684291454.10473
2020-04-05,0.0490495238,0.0479556249,0.0481485632,0.048697014100000005,4950735.34198565,693009654.227818
2020-04-06,0.0524022465,0.048663568500000004,0.0487295856,0.0522055167,6034695.82604422,742939329.712205
2020-04-07,0.0538940106,0.0513829034,0.052291740600000004,0.0518367505,7946211.86807727,737691399.795972
2020-04-08,0.054025825900000005,0.0516872153,0.051864192100000005,0.0538174066,6642642.09901746,765878216.129079
2020-04-09,0.0539516794,0.052546827000000004,0.053647970100000004,0.0532127899,7564877.77066093,757273885.215036
2020-04-10,0.0532910459,0.049289991400000004,0.0531683707,0.049563968400000005,6665333.3914502,705347324.263072
2020-04-11,0.0508849268,0.0491111682,0.049563968400000005,0.049787989000000005,6673905.82573583,708535371.703291
2020-04-12,0.0515625191,0.0492190252,0.0497356193,0.0504375725,6749483.55855145,717779628.156716
2020-04-13,0.05031852,0.048432768200000004,0.050317732500000004,0.0497015601,5859624.02669353,707305397.949488
2020-04-14,0.0507548408,0.0493615331,0.049749660800000005,0.0498663077,5418479.67554642,709649928.920189
2020-04-15,0.051115660800000004,0.048184641300000004,0.0498796818,0.0482510327,5094438.82656474,686662869.981323
2020-04-16,0.051141854800000004,0.0475799359,0.0482795049,0.0507128425,6064519.74209013,721697009.297562
2020-04-17,0.050929110300000004,0.050101265900000004,0.050718235,0.0505597292,9681775.09094864,719518046.126484
2020-04-18,0.0519257874,0.0504124621,0.0505597292,0.0515857693,4664741.73591393,734119673.598638
2020-04-19,0.0519929154,0.0510543242,0.0516348757,0.0512678114,3893213.68205255,729594799.649806
2020-04-20,0.0516119509,0.0487563675,0.051300304500000005,0.0488736956,5072466.87096438,695524016.718984
2020-04-21,0.0492129475,0.0478013162,0.0486608992,0.0481214466,14235071.4136124,684818724.225535
2020-04-22,0.0507356302,0.0480728532,0.048181487700000004,0.050474254100000004,7502831.29950948,718301645.730653
2020-04-23,0.0533183788,0.0503843889,0.0505215335,0.052481995000000004,7424485.65868686,746873906.791745
2020-04-24,0.0537978363,0.052407820800000005,0.052407820800000005,0.0533432865,5610098.46765834,759130989.597236
2020-04-25,0.0542459439,0.0531633088,0.0532868089,0.0542459439,4494147.24450909,771976752.991873
2020-04-26,0.055708379,0.0536771411,0.0542165563,0.055309760300000003,4465843.74359307,787115977.359238
2020-04-27,0.0563384663,0.0551891553,0.0553681112,0.0561323252,18162020.9859314,798821939.478292
2020-04-28,0.057346446200000005,0.055605849900000004,0.0561537506,0.0572103089,8570637.76097431,814162779.609907
2020-04-29,0.0631763716,0.0571268996,0.057221845900000005,0.0626278172,9611623.87133872,959892836.168392
2020-04-30,0.0659800363,0.0578439332,0.062610521,0.0580767742,10574388.0912358,959168422.05483
2020-05-01,0.059550948000000006,0.056972747600000005,0.0580767742,0.058036366400000004,8432672.46129062,959773096.714049
2020-05-02,0.060725947200000005,0.0560934207,0.0581022037,0.060414467300000003,6640830.47578868,1000424958.17379
2020-05-03,0.062082902,0.058384387200000006,0.060449912,0.0599371914,7968703.4457964,993835265.266748
2020-05-04,0.061233130600000005,0.058481228700000006,0.0599233671,0.0606132988,8098040.33034423,1006374500.59842
2020-05-05,0.0629179633,0.0600672618,0.060795207100000005,0.0628229221,12363411.1849491,1043061310.05979
2020-05-06,0.0657118023,0.0624951376,0.0627192471,0.06487333890000001,7928262.06790837,1077104783.67669
2020-05-07,0.0674005147,0.0627387196,0.06487333890000001,0.0659524958,13115710.4253254,1095022238.14448
2020-05-08,0.0691799231,0.0648717822,0.0659524958,0.0680055323,7742790.50166237,1129109205.83158
2020-05-09,0.0684399032,0.06631297480000001,0.0680056196,0.0667984735,7450962.63488035,1109068171.58771
2020-05-10,0.0668148082,0.059340637200000004,0.0667905864,0.0635638434,6276989.03439256,1055362971.88803
2020-05-11,0.0663612241,0.061964927200000006,0.063627745,0.0642028987,9288766.78557397,1065973333.11988
2020-05-12,0.06630600240000001,0.0639252542,0.06416147900000001,0.0648537992,6288003.37002437,1076780361.56015
2020-05-13,0.0664847887,0.06431851770000001,0.0647538215,0.06610110970000001,7118044.11366581,1097489703.79483
2020-05-14,0.0663623646,0.0632334447,0.0660040605,0.0639218251,7943638.41564747,1061306613.10884
2020-05-15,0.065159491,0.06250922710000001,0.0639778479,0.0640934514,9456744.5229036,1064156157.50563
2020-05-16,0.0659291892,0.0634648142,0.0639869778,0.0650990183,9365647.64339432,1080851783.00494
2020-05-17,0.0683016048,0.0649293018,0.0650969163,0.0670789574,8120741.71606888,1113725099.64288
2020-05-18,0.0700629459,0.06664436950000001,0.06707864570000001,0.0699403436,9165023.94447864,1161233256.57107
2020-05-19,0.0709515808,0.0682864792,0.06991614410000001,0.0704845756,8960596.05263376,1170269248.041
2020-05-20,0.0728671863,0.0703767945,0.07047308370000001,0.0709826414,8602251.44890364,1178538731.87548
2020-05-21,0.0728089127,0.0680766691,0.0710414903,0.0691715043,23061287.033533,1148468067.25014
2020-05-22,0.0729447515,0.06841137580000001,0.0692569435,0.07234442,28155605.1296577,1201148610.42503
2020-05-23,0.0751322729,0.07196734240000001,0.0723256721,0.07480984310000001,26976968.1454682,1242082514.02198
2020-05-24,0.0776129371,0.0736695824,0.0748299994,0.07370002,26763715.2757431,1223655902.05485
2020-05-25,0.079473204,0.072991845,0.0735654238,0.0793008758,28310972.1604924,1316648012.19097
2020-05-26,0.079519828,0.0774575784,0.0793695873,0.07803498560000001,24530812.4908243,1311023389.91222
2020-05-27,0.0812880072,0.07782767210000001,0.07803498560000001,0.0802231009,32148617.2083742,1372401129.59011
2020-05-28,0.0808949452,0.07863730270000001,0.0802504565,0.0802206356,32935219.5918481,1374117216.01952
2020-05-29,0.0809572176,0.0795737899,0.0801505637,0.080000949,28794162.9652314,1372107600.05454
2020-05-30,0.08547062870000001,0.0792291355,0.0799585379,0.08535650680000001,34309875.4722074,1465832358.15768
2020-05-31,0.08589608800000001,0.08412996,0.08536592800000001,0.08518568480000001,31879765.6987877,1464765905.4465
2020-06-01,0.0942205428,0.0845682173,0.08521739910000001,0.0937576935,30383432.5719819,1614216361.93643
2020-06-02,0.09541179080000001,0.0886215629,0.0937969734,0.0902928924,33196447.1584067,1556542268.60366
2020-06-03,0.09625479370000001,0.0898797922,0.0902928924,0.09589422880000001,30585680.4675059,1655204449.50623
2020-06-04,0.1004634162,0.095642979,0.0960244376,0.09863218530000001,45263008.0183215,1704625380.03429
2020-06-05,0.1014344335,0.09843719540000001,0.09863218530000001,0.1007122165,61816187.818046,1742781218.1694
2020-06-06,0.10461898430000001,0.0991856131,0.1007122165,0.1042381661,53306827.7883374,1806080918.60905
2020-06-07,0.1082774596,0.10253572770000001,0.1042381661,0.1079852649,53474990.3349084,1873371767.36232
2020-06-08,0.109747621,0.10661219870000001,0.10809696840000001,0.10901478790000001,48419833.6167606,1893621711.07978
2020-06-09,0.1230993637,0.1083817759,0.1089609235,0.1176673978,63796460.8319662,2046499322.0545
2020-06-10,0.11776193430000001,0.11200688510000001,0.11774970130000001,0.1150428822,56930596.0474231,2003374611.72685
2020-06-11,0.11601987130000001,0.10147355820000001,0.1150335346,0.1051344751,56168810.3042623,1833132389.75551
2020-06-12,0.1096515519,0.1049549101,0.105056931,0.10883872,48827806.434709,1897719873.74679
2020-06-13,0.10936468190000001,0.1074411554,0.1088043384,0.10936468190000001,43499562.6996746,1906890584.0883
2020-06-14,0.1123690838,0.1093691428,0.10939379070000001,0.11207303290000001,45966123.2976462,1954113590.15162
2020-06-15,0.1122797239,0.1053763099,0.11207303290000001,0.110830732,45201552.2208966,1932452741.21136
2020-06-16,0.11453312630000001,0.110289171,0.1108260887,0.1138307279,47979030.4882373,1984760888.77949
2020-06-17,0.11595682310000001,0.11330983730000001,0.11382224,0.11584964040000001,44705348.4306025,2019962794.1243
2020-06-18,0.11612935660000001,0.1143311355,0.1158002746,0.116053998,45566581.1584123,2023525987.85428
2020-06-19,0.1168926009,0.11343244270000001,0.11604319900000001,0.1158497636,44751099.2634402,2019964941.72542
2020-06-20,0.11934466040000001,0.11580106300000001,0.1158781131,0.11899580480000001,54575362.9250245,2074819546.84305
2020-06-21,0.1202334095,0.1183462948,0.11909983860000001,0.1191335731,53623691.266894,2077221684.20249
2020-06-22,0.1246225596,0.11365252890000001,0.11899194440000001,0.1244405876,62110983.9398207,2199757290.59536
2020-06-23,0.126096226,0.12300765970000001,0.1244024901,0.1247264481,73817983.9160641,2204810495.26812
2020-06-24,0.125724112,0.1172475723,0.12478766120000001,0.1179921059,64802931.4960494,2085766390.91043
2020-06-25,0.1180944859,0.1148030775,0.11801601290000001,0.1163239019,61616127.1103656,2056277266.37639
2020-06-26,0.11751958280000001,0.1134586947,0.11633791600000001,0.11460437300000001,56957179.7407658,2025880863.07283
2020-06-27,0.11493072,0.1104480625,0.1145853106,0.1129411914,56036245.52463,1996480521.20063
2020-06-28,0.121235409,0.1124146235,0.1129411914,0.1193964768,57502127.3385739,2110591692.33039
2020-06-29,0.1272299252,0.1189344298,0.1193518417,0.12648143010000001,64240438.6020534,2235833608.81573
2020-06-30,0.1284742521,0.12466926710000001,0.1265005817,0.1249351018,65846839.2571786,2208498901.93966
2020-07-01,0.1335140766,0.12483736740000001,0.1251059752,0.1260733151,43441646.4064941,2228619291.31031
2020-07-02,0.1262266366,0.12222283340000001,0.1260078801,0.1243774077,74175449.6528838,2225901250.45515
2020-07-03,0.1257496216,0.1229502408,0.1243869179,0.12483504640000001,77090407.4557904,2236827422.76753
2020-07-04,0.12845878630000002,0.1245128818,0.1248041845,0.1281350889,75684470.9954328,2298766898.60696
2020-07-05,0.13047045170000002,0.1276512994,0.1280858694,0.1302273403,71600026.0938338,2339156569.54731
2020-07-06,0.1362603831,0.1299231236,0.1301047536,0.13577016520000001,72994884.6701472,2441693130.6333
2020-07-07,0.1383999502,0.13365716860000001,0.1356408494,0.1381755119,65457448.6648756,2487979434.92592
2020-07-08,0.1434704219,0.13791291890000001,0.1381851051,0.1434186123,69288995.5442433,2585529785.75113
2020-07-09,0.1446009526,0.1413372527,0.1434939223,0.142611536,66350220.5069283,2574105664.31244
2020-07-10,0.143399828,0.14124086400000002,0.1425887572,0.14319379640000002,65600294.6430707,2587753825.70879
2020-07-11,0.1451808715,0.1421823406,0.1431582509,0.1449113868,65484123.559821,2621969727.53299
2020-07-12,0.14583696300000001,0.1433267804,0.14490933820000002,0.1444999801,60945997.551123,2617693018.80445
2020-07-13,0.14506958720000002,0.1415806704,0.1444999801,0.1424681201,83000416.2542432,2584007396.93448
2020-07-14,0.1427392523,0.13821622120000002,0.1424681201,0.14050018120000002,60453593.0550285,2551393472.36187
2020-07-15,0.1440594728,0.13961281620000002,0.1404461724,0.1430198665,65888251.0414778,2600284028.7658
2020-07-16,0.1433113403,0.1410257574,0.1430959979,0.14183978290000002,57780463.4472018,2581937418.05831
2020-07-17,0.1429945995,0.1413211358,0.1417939816,0.1422444001,59645974.0944589,2592420430.64253
2020-07-18,0.1453866425,0.1416956356,0.1421766368,0.1448964915,64919653.3354653,2643930912.19664
2020-07-19,0.1449925094,0.1431676191,0.1448360877,0.1445832404,61791767.1837597,2641383957.31685
2020-07-20,0.1451458309,0.1407021206,0.14463910060000001,0.1418121833,64769273.4883991,2590759653.04537
2020-07-21,0.1442489974,0.1411901602,0.1418428109,0.1437164061,68712860.4460049,2631847701.66234
2020-07-22,0.1469705504,0.1429010319,0.14358820590000002,0.1465980242,64787676.3792245,2687831262.82289
2020-07-23,0.1471571548,0.1451617759,0.1465980242,0.1463387079,69255825.277775,2686284199.14479
2020-07-24,0.14821271560000002,0.1455888415,0.1463387079,0.14652744310000002,71424812.9179169,2692960300.1148
2020-07-25,0.1508748048,0.1464993215,0.14661935140000001,0.1502166748,79542242.9256587,2764055408.79536
2020-07-26,0.1568858666,0.14947061920000002,0.1502357718,0.1533134063,78652185.1341774,2824396975.43618
2020-07-27,0.1687610747,0.15334755700000002,0.15334755700000002,0.1648708576,108386634.12424,3040926279.82378
2020-07-28,0.1678714038,0.1573564027,0.16508307690000001,0.1594321244,112981282.243629,2944107096.62408
2020-07-29,0.16593491,0.158818504,0.1595180085,0.16346249940000002,114354886.864759,3022115588.85079
2020-07-30,0.1639697361,0.1601977847,0.16346249940000002,0.1623466193,101498428.402185,3005043336.9785
2020-07-31,0.1658012657,0.1602480137,0.16228881450000002,0.16446317200000002,108949915.81265,3047825495.30919
2020-08-01,0.17356116670000002,0.1636471994,0.16446317200000002,0.1734075414,119518056.917824,3217382935.53072
2020-08-02,0.17725773150000002,0.1633213088,0.17361054480000002,0.16371773750000002,115478152.918023,3041187799.16583
2020-08-03,0.1705207679,0.16307476340000002,0.16370564640000002,0.1631042873,95930019.5104,3033367358.66973
2020-08-04,0.1644011129,0.15547011,0.1630739205,0.1566048519,94475173.929997,2915925134.69792
2020-08-05,0.1644882664,0.1553291363,0.15659372770000002,0.1636709069,84612526.5891852,3051079805.26908
2020-08-06,0.16477607760000001,0.16163280400000002,0.1637929447,0.1623938091,79028082.6765115,3030832036.04364
2020-08-07,0.16544181630000002,0.1597485062,0.1625726602,0.16206039700000002,90420637.9561944,3028161418.06172
2020-08-08,0.16796148560000002,0.1618107366,0.1619650619,0.16731529820000002,89918255.1539188,3130018470.53924
2020-08-09,0.1685335932,0.1660487886,0.1674108614,0.1672563681,80666058.991706,3132581940.98991
2020-08-10,0.1722859216,0.1671265397,0.1672587312,0.1686992758,74269885.8100024,3163303999.50691
2020-08-11,0.1694328172,0.1582474553,0.1687056932,0.1612868782,74736864.6496622,3027848138.06743
2020-08-12,0.16506206340000001,0.15812359210000002,0.1614967686,0.1627220872,71250137.9420993,3058357913.82665
2020-08-13,0.1643672646,0.1572406201,0.1626610697,0.16404550240000002,72126751.4384707,3086826991.07857
2020-08-14,0.1661467244,0.1623236615,0.1639629374,0.1648449515,74868949.5202801,3105483179.67998
2020-08-15,0.1685671059,0.16472149020000001,0.1648634843,0.16642288600000002,74145059.5478333,3138857218.15447
2020-08-16,0.1692889108,0.16570626060000002,0.1665176981,0.1685237094,73773956.5489469,3182173951.32977
2020-08-17,0.17313812150000002,0.1673290401,0.1685237094,0.1698446255,82592989.109459,3210838967.69365
2020-08-18,0.1727383945,0.1665812741,0.1697233692,0.1665812741,76482755.2338732,3152797821.35234
2020-08-19,0.1689043962,0.1616206607,0.16665347460000002,0.1624936788,70442607.835862,3078995520.07128
2020-08-20,0.1660205174,0.1622113341,0.1624936788,0.1636805854,65175000.9694861,3105073022.46422
2020-08-21,0.20174923720000001,0.1625569539,0.1634009142,0.1688223708,202365149.081746,3206314552.51844
2020-08-22,0.17012943560000002,0.1654918249,0.1690112866,0.1682565171,112921922.273003,3199255537.73745
2020-08-23,0.1725015955,0.1668773566,0.168365296,0.1713346256,75110842.4047006,3347205763.82775
2020-08-24,0.1755764423,0.1696047085,0.17160952440000002,0.1740825179,81441408.6585287,3404704296.13451
2020-08-25,0.175217962,0.16751223110000002,0.17509834800000001,0.1692278786,83895599.3884887,3313466409.30747
2020-08-26,0.1713977724,0.1675825796,0.1689196369,0.16998073530000002,76329402.1595945,3331932879.85853
2020-08-27,0.1726086983,0.1675794699,0.17011810900000002,0.16782385330000002,69991629.7924137,3293332383.63078
2020-08-28,0.1738347106,0.1677148644,0.1678087168,0.173121415,69117045.8003488,3401084820.85355
2020-08-29,0.1747842577,0.1716860247,0.1727182417,0.1739499422,66760248.5674226,3421174387.87568
2020-08-30,0.17833835950000002,0.17299825630000001,0.1737548132,0.17833835950000002,65361525.1707798,3511392721.81626
2020-08-31,0.1803376873,0.1768045936,0.1783101063,0.1784918874,80901468.1552062,3518327760.73839
2020-09-01,0.18330320500000002,0.177083329,0.1784396863,0.1798385734,81791054.9872121,3548814514.77759
2020-09-02,0.1818244829,0.1716478632,0.1797239336,0.1740583421,79650491.8931852,3438566261.15168
2020-09-03,0.1746928882,0.1526769754,0.173846359,0.1542487046,71633484.0666688,3050602691.59273
2020-09-04,0.1584683618,0.1517641568,0.1540415649,0.1564847205,67286098.1831584,3098254556.70729
2020-09-05,0.157516493,0.1477491495,0.1565418658,0.14974263570000002,75230685.3421714,2964767435.35694
2020-09-06,0.15195241,0.1474239153,0.14974263570000002,0.150784526,66975386.4742072,2992005645.55619
2020-09-07,0.15204162000000002,0.1448601844,0.1509686899,0.1500172601,69107074.0662317,2980068897.24043
2020-09-08,0.1508746006,0.14494421400000002,0.150068654,0.14830087050000001,68456617.7827798,2949223520.61337
2020-09-09,0.15241767450000002,0.1469502908,0.1480937833,0.15081624700000001,65650202.4839922,3002551767.37517
2020-09-10,0.1534827326,0.1500753433,0.1508607504,0.1508688488,65739130.2822359,3003598998.54247
2020-09-11,0.1609928485,0.1478334813,0.15087062910000001,0.15947485590000002,78208142.2760399,3174933204.59745
2020-09-12,0.1640142836,0.15910574730000002,0.15952951170000002,0.16336868270000002,70129709.1232623,3252454138.70229
2020-09-13,0.16530042080000001,0.1592867314,0.16336868270000002,0.1599582158,67082471.1132624,3198579994.73033
2020-09-14,0.16969554520000002,0.1593910449,0.1600031237,0.1680055083,69980015.9533586,3363178760.33944
2020-09-15,0.1723340806,0.1666357111,0.1680055083,0.1695597084,70857186.2377966,3398007525.36418
2020-09-16,0.1707380236,0.16728100840000001,0.1695929024,0.16890395200000002,69509637.9084671,3388568051.66156
2020-09-17,0.169991948,0.164642554,0.16890395200000002,0.1667213504,66199258.6134748,3348434646.27116
2020-09-18,0.1685782579,0.1647468518,0.1667213504,0.1662699815,47925361.5429174,3343013619.55116
2020-09-19,0.16890805450000002,0.1654573151,0.1663031529,0.1678218384,55383196.1760803,3377893441.04043
2020-09-20,0.1680804578,0.1440175296,0.1680804578,0.1595680918,81310421.2862963,3215260619.36375
2020-09-21,0.1607486536,0.1511805839,0.1597874783,0.1522556833,47114869.9313048,3071254367.70963
2020-09-22,0.15349768260000002,0.1509343926,0.1522956115,0.15264616690000002,54950121.6724227,3082476750.50898
2020-09-23,0.15309885,0.14748661,0.15264036,0.14767797,61995250.94036804,2985387722.485263
2020-09-24,0.15502685,0.14756999,0.14774342000000001,0.15474028,63183232.06524886,3131547616.17896
2020-09-25,0.15498316,0.15265029,0.15474859,0.15402899,62565582.86492791,3120528814.7119446
2020-09-26,0.15536173,0.15349773,0.1540035,0.15439989,59006633.03968156,3131427134.363605
2020-09-27,0.15564616,0.15263148,0.15460153000000001,0.15459145,65664609.30874792,3138700511.135216
2020-09-28,0.1567896,0.1527715,0.15475533,0.15283226,63347888.81701711,3106333078.16298
2020-09-29,0.15425197000000002,0.15192551,0.15306594,0.15384741,63308745.27505568,3130338077.492171
2020-09-30,0.15440627,0.15133591,0.15356548,0.15200488,61561462.50227216,3096179754.419667
2020-10-01,0.15471336,0.14780801,0.15235027,0.14948,70212112.7688049,3048026877.613772
2020-10-02,0.15034335000000001,0.1460427,0.1494587,0.14697322000000002,67408987.53173529,3000132889.538417
2020-10-03,0.14755908,0.14630468,0.14692686,0.14699885000000001,60068447.74445016,3003877834.198104
2020-10-04,0.14898954,0.14655265,0.14701484,0.14889318,63791047.95572492,3045851405.2202096
2020-10-05,0.15001341,0.14808471,0.14889318,0.15000913,62605350.09127876,3071967739.1941137
2020-10-06,0.15024411000000001,0.14643022,0.15020728,0.1471977,59768356.10259348,3017620035.221608
2020-10-07,0.14800549999999998,0.14666519,0.14725177,0.1475834,53669799.82825449,3028761801.608362
2020-10-08,0.15124445,0.14603443,0.14765061000000002,0.15062577,63807342.62883411,3094499868.4572816
2020-10-09,0.15297873,0.14960069,0.15086859,0.15242799,59678399.20044931,3134866092.067361
2020-10-10,0.15728633,0.15216067,0.15249541,0.15433326,69761193.73380966,3177432912.0565343
2020-10-11,0.15579223,0.15325511,0.1542576,0.15415681,66367425.66776853,3177178941.760196
2020-10-12,0.15696069,0.15172879,0.15415686,0.15472286,61780334.02439645,3192236305.250686
2020-10-13,0.15468798,0.14695441,0.15462642000000001,0.14715146,59767000.76799836,3039248816.756653
2020-10-14,0.1483166,0.13793413000000002,0.14738153,0.13887074,66311661.81480331,2871263475.243188
2020-10-15,0.14042198,0.13766341,0.13880861,0.13953409,68691153.18830691,2888037186.360323
2020-10-16,0.13999545,0.13547664,0.13931146,0.13621897,66965741.96559337,2822407208.979619
2020-10-17,0.13645675000000002,0.13278633,0.13638821,0.13365919,61046870.23719,2772299112.778037
2020-10-18,0.13421631,0.12105758,0.13391002,0.12110863000000001,83167699.99974047,2514635398.9752784
2020-10-19,0.12199211,0.10514849999999999,0.12185822,0.11040357,81200654.31492978,2294780968.352538
2020-10-20,0.11081819,0.10551527000000001,0.10979796,0.10591452,72974667.16812527,2203795736.748815
2020-10-21,0.10801119,0.10108729,0.10611994,0.10149483000000001,74086709.85982922,2111834062.9281664
2020-10-22,0.10224044,0.09612478,0.10132917,0.09612478,90684855.2065892,2000097773.4090185
2020-10-23,0.10141951,0.09152128,0.09586592000000001,0.10076519,69284741.95465493,2103277858.3594408
2020-10-24,0.1045248,0.10054711000000001,0.10076591,0.10179292000000001,60200860.01398847,2126960665.6211035
2020-10-25,0.10502991,0.09649523,0.10179292000000001,0.09665925,54986128.40009588,2021811281.322341
2020-10-26,0.09883309,0.09486852,0.09665969,0.09615273,65696725.89616156,2013324022.973916
2020-10-27,0.09956678000000001,0.09546803,0.09615273,0.09842109,66202933.35554044,2062977941.1420608
2020-10-28,0.10021437,0.08817022000000001,0.09842137000000001,0.08930957,58394642.30067134,1873951394.0732176
2020-10-29,0.09108983,0.08808238,0.08930965,0.09025684,45221368.48352796,1895805761.1968772
2020-10-30,0.09109979,0.08359059,0.09025625,0.08411126000000001,52528969.2352435,1768564023.295235
2020-10-31,0.08574244,0.08305352,0.08411126000000001,0.08415107000000001,55122207.92199218,1771245602.654456
2020-11-01,0.08637738,0.08347566000000001,0.08415108,0.08420598,73777939.67805561,1774246996.2327707
2020-11-02,0.08594378,0.07954203,0.08420599000000001,0.07994446,55779255.25387099,1686207506.9925053
2020-11-03,0.08030916,0.0733598,0.0799439,0.07933936,55530475.26518422,1675183552.709979
2020-11-04,0.07977343,0.07538924,0.07934072,0.07696293,47591511.59732079,1626694164.1405883
2020-11-05,0.07994137,0.07669147,0.07696399,0.07951403,42088446.76076191,1682357153.1817453
2020-11-06,0.08086902,0.07700587,0.07951271,0.07910617,52988736.90134663,1675461429.3761744
2020-11-07,0.08004834,0.07304279999999999,0.07910617,0.07327396,55809220.08152615,1553541766.4817502
2020-11-08,0.07675211,0.07288547000000001,0.07327396,0.07477048,35806102.20455904,1586909490.9222238
2020-11-09,0.07503061,0.06920344,0.07477047,0.07029722000000001,43037872.10262082,1493510958.3038225
2020-11-10,0.07126869,0.06905471,0.0702967,0.06984349000000001,43070950.78045754,1485402020.0748038
2020-11-11,0.07131172,0.06967912,0.06984397,0.07066611,39112506.63461804,1504445995.5423582
2020-11-12,0.07286605,0.06993762,0.07066618,0.07205461,46644256.90257557,1535585766.1215465
2020-11-13,0.0729191,0.06990091,0.07205523,0.07041889,39602281.67062157,1502269547.368107
2020-11-14,0.07041889,0.06641393,0.07041889,0.06764896000000001,43016658.60823213,1444289845.7086115
2020-11-15,0.0683862,0.06343521,0.06764896000000001,0.06395296,45658417.75695226,1366432411.6624837
2020-11-16,0.06676477,0.06328269,0.06395296,0.06469113,43157230.39323708,1404831473.663018
2020-11-17,0.06778957000000001,0.06347633,0.06517358,0.06436381000000001,41224891.76260677,1398781450.4036732
2020-11-18,0.06718695,0.06312047,0.06436347,0.06582489,69339657.7513725,1431616292.889084
2020-11-19,0.06695758,0.06502508,0.06582482,0.06673213,57835170.91433626,1452444608.3978508
2020-11-20,0.07716537,0.06671672000000001,0.06673209000000001,0.07698757,58725279.11781873,1676922761.532406
2020-11-21,0.07826428,0.07259559,0.07698759000000001,0.07278006000000001,66255721.78900123,1586472435.686763
2020-11-22,0.07293678,0.06897184,0.07278006000000001,0.07094396,53019824.86220772,1547614858.2314827
2020-11-23,0.07315906,0.06965738,0.07094407,0.07224472,55779718.00521735,1577178045.9646127
2020-11-24,0.08137303,0.07166629000000001,0.07226653,0.08111599,78047742.19874284,1772180615.2178986
2020-11-25,0.08269482,0.07765198,0.08110126000000001,0.07825506,78033871.49967664,1710962861.131548
2020-11-26,0.07867292000000001,0.06133802,0.07824159,0.06370475,69503398.98636737,1393883276.0362494
2020-11-27,0.06490854,0.06190529,0.06374751000000001,0.06425499,51981839.31509012,1406978822.2947392
2020-11-28,0.06555499000000001,0.06312498,0.06424879,0.06520899,40269645.54515,1428940475.9487338
2020-11-29,0.06651822,0.06441843,0.06523411,0.06617921,39842790.31373254,1451288944.6936326
2020-11-30,0.07027581000000001,0.06549556000000001,0.06618508000000001,0.07023793,56414795.16424809,1541449953.88223
2020-12-01,0.07067612,0.06411703,0.07024113,0.06557685,53926457.59222633,1440235286.249406
2020-12-02,0.06687409999999999,0.06462538,0.06555269999999999,0.06677152,48981227.5271441,1467570913.254011
2020-12-03,0.06690266,0.06532818,0.06675799,0.06628898,45454878.03085918,1458054977.6141877
2020-12-04,0.06675207,0.06281786,0.06629548,0.06290657,44811876.10082714,1384691372.864292
2020-12-05,0.06449012,0.06253804,0.06288784,0.06421959000000001,40315182.25459836,1414649015.7307522
2020-12-06,0.06450322,0.06310786,0.06415309999999999,0.06380282,36241551.3289205,1406517049.51273
2020-12-07,0.06426014000000001,0.06297842000000001,0.06389492000000001,0.06418363,41328765.63985246,1415967181.3187823
2020-12-08,0.06467471,0.06028832,0.06410169,0.06042585,44712560.75375508,1334059289.2259314
2020-12-09,0.06062508,0.057020680000000004,0.06042969,0.06038615,43833382.34751283,1334175410.5382588
2020-12-10,0.0613721,0.05842356,0.060387050000000005,0.05918139,36097429.60740609,1308530183.7108777
2020-12-11,0.0593172,0.05691319,0.05918272,0.05857354,36765539.87403716,1296053174.8611815
2020-12-12,0.05968665,0.0584964,0.058533760000000004,0.059388399999999994,31643614.49459313,1315059750.8759148
2020-12-13,0.061740210000000004,0.059207340000000004,0.059371190000000004,0.06057862,34525733.49525195,1342411148.6173103
2020-12-14,0.06107546,0.05986004,0.06057929,0.06073782,42027544.95495943,1346937428.7424505
2020-12-15,0.06281153,0.06046464,0.06074508,0.06164546,47445989.28222925,1368078759.819167
2020-12-16,0.0648734,0.06105061,0.06163396,0.0648734,50634621.71768783,1440781905.4672475
2020-12-17,0.06949316,0.06478469,0.06489516000000001,0.06645466,71611464.19214058,1476992641.0197785
2020-12-18,0.06713891,0.06429511,0.0664761,0.06479469,47518416.72667664,1441164109.4331152
2020-12-19,0.06701729000000001,0.0647415,0.06479002,0.06594018,49850142.01367739,1467726134.5048466
2020-12-20,0.06796199,0.0647058,0.06592839,0.06605119999999999,49801920.92952592,1471282845.8932056
2020-12-21,0.0684977,0.055646270000000005,0.06615134,0.059387670000000004,85448281.87184669,1323829764.7640553
2020-12-22,0.06147664,0.05840943,0.05933335,0.06093395,63699781.60625948,1359300116.500623
2020-12-23,0.06182775,0.054973499999999995,0.06087513,0.05543779,56035787.1634303,1237604396.035571
2020-12-24,0.05805809,0.05382542,0.055468699999999996,0.05799089,42015804.39784651,1295553523.6903512
2020-12-25,0.06015114,0.05716329,0.058129310000000003,0.058012799999999996,43322241.9212333,1296996722.112369
2020-12-26,0.06011417,0.057953,0.05799538,0.05922363,43844468.7247203,1325040908.171767
2020-12-27,0.05998682,0.05603549,0.05920776,0.05687263,46672592.58073428,1273375675.083557
2020-12-28,0.06012993,0.05683041,0.0568985,0.05930218,47243129.84743922,1328747841.7223425
2020-12-29,0.059450920000000004,0.05624042,0.05922413,0.058036830000000005,44427814.73713018,1301350093.123494
2020-12-30,0.06186789,0.057897899999999995,0.05801648,0.05892902,45461395.17067257,1322324101.6828115
2020-12-31,0.05967877,0.05664893,0.05902424,0.05852504,38736237.36018249,1314221135.1043043
2021-01-01,0.05965597,0.05818124,0.058520499999999996,0.059586850000000004,39231283.76332121,1339044330.8424785
2021-01-02,0.07049459999999999,0.05955298,0.05955298,0.06181843,101498915.68805298,1390208929.8000028
2021-01-03,0.061853599999999995,0.058580890000000004,0.06177998,0.05976299,64754574.33070932,1344967496.373228
2021-01-04,0.07163558,0.05882953,0.05980545,0.06543096,125552235.95842612,1473600719.4015503
2021-01-05,0.06687096000000001,0.06194985,0.06551932,0.06634753,72094702.48708104,1495333995.2126553
2021-01-06,0.07723198,0.06526284,0.06640184,0.07683116,133217938.00984402,1732876006.7508934
2021-01-07,0.07909466,0.07281348,0.07679311,0.07781462,147443463.4827728,1756336331.8030798
2021-01-08,0.08963075,0.07215554,0.0777992,0.08168134,151538913.8367636,1844953938.958196
2021-01-09,0.08428986000000001,0.07679849,0.08165824,0.08285523,77184125.50057437,1872830823.202589
2021-01-10,0.08744398,0.07224608,0.08293302,0.07784684,100076336.04763916,1760902562.5157266
2021-01-11,0.07783704,0.058501040000000004,0.07780991,0.06689872,140531497.4489611,1514354916.986392
2021-01-12,0.07008083,0.06304321,0.06693341,0.06501227,61842054.21795284,1472720909.0870478
2021-01-13,0.07203749999999999,0.0641949,0.06503855,0.07122265,54634551.27225543,1614575093.208984
2021-01-14,0.07674217,0.07000296,0.07116388,0.07670484,65974864.91402929,1740114153.3181365
2021-01-15,0.07684591,0.0663449,0.07666623,0.07195131,70440658.86092734,1633458944.0213645
2021-01-16,0.07976681000000001,0.07197657,0.07197657,0.07665999,70150564.04665013,1741616921.0341413
2021-01-17,0.08344307000000001,0.07422049,0.07677459,0.08026681000000001,99607748.56921276,1824878712.2454689
2021-01-18,0.0861403,0.07736046,0.08035864,0.08507881,73633836.1483337,1935678817.310884
2021-01-19,0.08921374,0.08313686,0.08507201,0.08699337,75687182.60236143,1980668257.6124067
2021-01-20,0.08840546,0.07868499,0.08707798,0.08465417,70974362.07544726,1928800919.047117
2021-01-21,0.08475409,0.07100749,0.08468722000000001,0.07184703,66321611.43107926,1638177930.7403502
2021-01-22,0.07512536,0.06617455,0.07183689,0.07380502,66455943.77130504,1684034986.106776
2021-01-23,0.07502922000000001,0.06987024,0.07384001,0.07251682,51749917.50300785,1655833794.0946374
2021-01-24,0.07489257,0.07110509999999999,0.07250289,0.07266073,52544008.66356691,1660314206.2663934
2021-01-25,0.07570181000000001,0.07053904,0.07262845,0.07113219,53919918.78435893,1626556154.751335
2021-01-26,0.07140462,0.06749173,0.07103905,0.07048403,46410471.81483992,1612893520.856501
2021-01-27,0.07183628,0.06286017,0.07047084,0.06531491,57835549.76042857,1495681709.521483
2021-01-28,0.07082339,0.06503789,0.06529471,0.0696611,93915969.96,1596352486.55
2021-01-29,0.07529986,0.06560431,0.07017634,0.06810335,148155056.49,1561774621.52
2021-01-30,0.06861229,0.06471766,0.06810223,0.06578421,162122503.27,1509672622.09
2021-01-31,0.0657918,0.06033531,0.0657918,0.06276969,128624473.38,1441524638.31
2021-02-01,0.06275977,0.05939378,0.06275977,0.06116023,149352843.29,1405568304.7
2021-02-02,0.06371828,0.060158960000000004,0.06115752,0.06234366,157946521.12,1433790362.38
2021-02-03,0.06788102,0.06234294,0.06234294,0.06738417000000001,161409062.0,1550820415.74
2021-02-04,0.06811893000000001,0.06326131,0.06739341,0.06361849,76965759.37,1465200604.12
2021-02-05,0.06798735,0.06354939999999999,0.06365248,0.06770392,74349788.87,1560405339.52
2021-02-06,0.06906791,0.06536633,0.06769984,0.06765741,87867402.99,1560445565.91
2021-02-07,0.06768295,0.06356727,0.06768295,0.06565157,81752550.99,1515262145.26
2021-02-08,0.06994476,0.06438433,0.0656751,0.06994476,105594749.99,1615500496.74
2021-02-09,0.07211328,0.06826157000000001,0.06994732000000001,0.07200847,189530189.73,1664349306.32
2021-02-10,0.07604598,0.06935676,0.07193906,0.07343014,179549240.15,1698415771.96
2021-02-11,0.08072028,0.07311148,0.07349097,0.07999659,137833251.39,1851610465.64
2021-02-12,0.08775594,0.07966112,0.0801347,0.08710031,237566648.51,2017465883.89
2021-02-13,0.09332926,0.08515289999999999,0.08709111,0.09153725,174272796.37,2121741409.0
2021-02-14,0.09497083,0.08822163,0.09200473,0.08911482,146327950.92,2067056855.98
2021-02-15,0.09208014,0.07881298,0.08907742,0.0858379,147662104.26,1991047314.41
2021-02-16,0.08924643,0.08256082000000001,0.08593325,0.08459121,100020127.52,1962129913.03
2021-02-17,0.10301716,0.08365603,0.08459662,0.10128049,252137986.12,2349244884.21
2021-02-18,0.12184394,0.10085045000000001,0.10085045000000001,0.12042431,351415008.66,2793294017.44
2021-02-19,0.13892658,0.11230347,0.12041387,0.13763397,227906030.87,3192479555.93
2021-02-20,0.15096199,0.13173873,0.13763124000000002,0.13878739,219029249.95,3232922389.7
2021-02-21,0.14322521,0.1363854,0.1386954,0.14060037,152347827.75,3394632234.18
2021-02-22,0.27095969000000003,0.1333569,0.14061854000000001,0.22026077,1993686278.98,5317939793.11
2021-02-23,0.22066577,0.13851521,0.21713383,0.15915179000000002,818883318.69,3842534715.6
2021-02-24,0.18143836,0.14862057,0.15771009,0.1601389,346658703.65,3866367369.8
2021-02-25,0.17758486,0.1555046,0.16007269,0.1555046,466821921.67,3754477405.66
2021-02-26,0.16119489,0.14609812,0.15656145,0.15498058,355555833.18,3741825679.05
2021-02-27,0.15748338,0.14807213,0.1550093,0.15121904,254612462.77,3651007758.82
2021-02-28,0.15270502,0.12712817,0.15125646,0.13425579,172307405.31,3241449819.8
2021-03-01,0.15023198000000001,0.13403983,0.13429967,0.1495617,163868268.27,3610993114.06
2021-03-02,0.15832357,0.1447861,0.14948829,0.15228873,194278725.6,3676834037.21
2021-03-03,0.16133918,0.15185095,0.15242841000000001,0.15770535,240309057.83,3807612065.44
2021-03-04,0.16239223,0.14752537000000002,0.15805716,0.15081868,224838580.41,3641341468.93
2021-03-05,0.15284824,0.14385301,0.15083259999999998,0.15198968000000002,165401808.14,3669613911.45
2021-03-06,0.15623687,0.1485165,0.15185959000000002,0.15429862,162669479.18,3725360482.54
2021-03-07,0.16038204,0.15371328,0.15432182,0.15979874,182887470.93,3858154401.41
2021-03-08,0.16147596,0.15442338,0.15977677,0.16014703,177361951.73,3866563449.57
2021-03-09,0.17124947000000001,0.15732704,0.15987058,0.17120558,229565315.64,4133559418.3
2021-03-10,0.17596141,0.16064071,0.17122411,0.17288263,181707782.95,4174049878.07
2021-03-11,0.1989047,0.16898943,0.17235089,0.19027201,308839805.97,4593896055.64
2021-03-12,0.20346656,0.18587064,0.19033794,0.19042917,278972308.44,4597690508.51
2021-03-13,0.1988325,0.17870481,0.18996473,0.1982849,247842093.4,4787358052.26
2021-03-14,0.20120032000000002,0.18204039,0.19823971,0.18595251000000002,166166656.02,4489606938.62
2021-03-15,0.19000962,0.16678531,0.18587109000000002,0.17529491,110083572.37,4428477804.37
2021-03-16,0.19396525,0.16751047,0.17524827,0.19396525,159373979.26,4900146839.47
2021-03-17,0.20056847,0.1829159,0.19382292,0.19739054,273750331.73,4986679959.97
2021-03-18,0.23847032,0.19735625,0.19741689999999998,0.22164099,635303934.28,5599319251.7
2021-03-19,0.25167571,0.21272608,0.22100613,0.24316039,432384253.38,6142964329.94
2021-03-20,0.25615911,0.21249289999999998,0.24424058,0.21723303,389032434.21,5487961058.39
2021-03-21,0.22692208,0.20990308,0.21668648000000001,0.22248744,251049511.55,5620703362.35
2021-03-22,0.2322424,0.2150107,0.22199189,0.21692594,329374898.22,5480203072.01
2021-03-23,0.22534637000000002,0.19997094,0.21635683,0.21459478,306006605.99,5421310854.78
2021-03-24,0.24225602000000002,0.2110012,0.21453581,0.21872809999999998,424456583.15,5525731059.33
2021-03-25,0.22063684,0.20173585,0.21953134,0.20660372,274052146.55,5219432723.2
2021-03-26,0.21600921,0.20505644,0.20674925,0.21313584,205759333.56,5384453641.38
2021-03-27,0.21360784,0.20273744,0.21360784,0.20517853,195092686.82,5183427893.82
2021-03-28,0.20667054,0.20090173,0.20520084,0.20367223,166907523.78,5145374299.8
2021-03-29,0.22492237,0.20236708,0.20366283000000002,0.21865378,332208464.62,5523853546.03
2021-03-30,0.22721353,0.21668782,0.21821054,0.22157844000000002,199693647.06,5597739100.6
2021-03-31,0.22328091,0.21008077,0.22115445,0.216001,215433187.62,5456836110.15
2021-04-01,0.22540177,0.21583991,0.21613499,0.22130489,269016030.84,5590828533.83
2021-04-02,0.23300551,0.21671689,0.22130361,0.23070691000000002,282321426.46,5828351943.89
2021-04-03,0.24123396,0.21563327000000002,0.2307505,0.21598311,285137119.36,5456384167.88
2021-04-04,0.23013215,0.21373647,0.21602286,0.22916112,172926411.94,5789300539.61
2021-04-05,0.24968661,0.22460581000000002,0.22961144,0.24684827,310177928.8,6236131115.2
2021-04-06,0.2472453,0.22550415000000001,0.24641624,0.23104184,261462465.04,5836813293.18
2021-04-07,0.23503966,0.18125359,0.23164206,0.18872076000000002,259737580.77,4767655254.86
2021-04-08,0.20371807,0.18637872,0.18823411,0.20334856,95568850.01,5137197425.65
2021-04-09,0.21213581,0.20205618,0.20332012,0.21011964,86116914.84,5308255225.26
2021-04-10,0.22797081,0.20974189999999998,0.21017612,0.21518136000000002,180420350.39,5436129714.04
2021-04-11,0.22098511,0.20970703000000002,0.21524371,0.21348582,125113589.25,5393295079.81
2021-04-12,0.21560651,0.20335783000000002,0.21339534000000002,0.20934023000000002,107008595.49,5288565137.03
2021-04-13,0.22490328,0.20903642,0.20920392000000002,0.22480498000000002,161103682.97,5679251161.83
2021-04-14,0.24237387,0.22312454,0.22461187,0.24237387,214616474.08,6123094397.32
2021-04-15,0.24603716,0.23176778,0.24259046,0.24519625,138034335.48,6194396242.89
2021-04-16,0.24560903,0.22667754,0.24526227,0.23704246,184815187.02,5988406988.14
2021-04-17,0.25074952,0.23481645,0.23662796,0.23837054,162748367.85,6021958155.73
2021-04-18,0.23944898,0.18903245,0.23823198,0.20655052000000002,184716850.42,5218088711.03
2021-04-19,0.2107464,0.19149868,0.20659313,0.1952872,139210557.11,4933543213.17
2021-04-20,0.19742746,0.17808509,0.19494647,0.19559043,134450241.72,4941203772.54
2021-04-21,0.20198549000000002,0.19234808,0.19580494,0.19280672000000001,94395649.38,4870878883.88
2021-04-22,0.19330051,0.17423287,0.19275553,0.17559361,134728939.73,4436023822.9
2021-04-23,0.17659064,0.14042594,0.1755038,0.17259766,201313606.27,4360337091.28
2021-04-24,0.17405557,0.16595267,0.17259789,0.16603698,94631362.25,4194594489.18
2021-04-25,0.17507613,0.16311873,0.16605911,0.16841391,92370966.91,4254642945.31
2021-04-26,0.18748403,0.16810239,0.16842781,0.18748403,117169425.34,4736411725.87
2021-04-27,0.19590933,0.18446699,0.18748414,0.19399519,103466873.33,4900903197.07
2021-04-28,0.19710672,0.18351208,0.19407835,0.18702678,133155419.76,4724860147.9
2021-04-29,0.18903225,0.18111293,0.18716365000000001,0.18453121,77285617.3,4661814538.54
2021-04-30,0.19894821000000001,0.18311805,0.18448468,0.19826524,113347100.12,5008777438.58
2021-05-01,0.19884503,0.19073479000000002,0.19826517,0.19425865,74569649.19,4907559002.68
2021-05-02,0.19534736,0.18576465,0.19425235,0.18704489,88775610.2,4725317531.5
2021-05-03,0.19392152000000001,0.18530736,0.18702825,0.18784121,90801743.52,4745435079.89
2021-05-04,0.18794734,0.16516877,0.18794734,0.16589647,122673549.41,4191044895.66
2021-05-05,0.18476295,0.16513751000000002,0.16622339,0.18440218,156993499.05,4658554687.57
2021-05-06,0.19359568,0.18100503,0.18386113,0.1899728,139479396.79,4799285450.68
2021-05-07,0.19410819999999998,0.18186087,0.19003462000000002,0.19014458,129409509.16,4803625035.74
2021-05-08,0.19427611,0.18064341,0.19038402000000001,0.18116205,140406285.17,4576699337.39
2021-05-09,0.18285562,0.1693672,0.18127184000000002,0.17749957,157091616.13,4484174007.23
2021-05-10,0.18509721,0.15574356,0.17781215,0.15621066,172166461.19,3946352096.67
2021-05-11,0.17785615,0.15000856,0.15633014,0.17369025,154610026.6,4387939169.96
2021-05-12,0.17877324,0.15413759,0.17362236,0.15413759,117738811.26,3893979991.69
2021-05-13,0.16541345,0.1458244,0.15328654,0.16168471,162384101.97,4084643054.24
2021-05-14,0.17010515,0.15500621,0.16168946,0.16449628,95302388.14,4155671732.91
2021-05-15,0.16737524,0.15327441,0.16452115,0.15412365,78480607.77,3893627809.64
2021-05-16,0.16589269,0.14596457000000002,0.15398682,0.15141395,86021867.71,3825172653.35
2021-05-17,0.15533883,0.13933009,0.15512121,0.14332767,96326839.84,3620888839.13
2021-05-18,0.15173123,0.1425767,0.14321154,0.14771085,73168858.87,3731621135.81
2021-05-19,0.14938552,0.09992667,0.14765348,0.12127186000000001,259885193.92,3063692766.12
2021-05-20,0.13319638,0.11431916,0.12080444,0.12740548000000002,105870180.67,3218646437.26
2021-05-21,0.14108335,0.1100367,0.12738866000000001,0.12073228,112825611.59,3050061240.9
2021-05-22,0.12406702,0.11289267,0.12119475,0.11809805,88692648.98,2983512646.63
2021-05-23,0.12114155,0.08794145,0.11804856,0.09707265,99548660.82,2452347769.05
2021-05-24,0.1249826,0.09657263,0.09712336,0.12213217,98734368.91,3085426567.59
2021-05-25,0.12944152,0.11930486,0.12217877,0.12277305000000001,92732567.46,3101617259.18
2021-05-26,0.13817595,0.12287817000000001,0.12287817000000001,0.13076995,90584469.17,3303643109.76
2021-05-27,0.13662881,0.12473283,0.1307925,0.12866542,70936563.37,3250476251.08
2021-05-28,0.1297237,0.11124379999999999,0.12865938,0.11385487,71391440.7,2876317222.24
2021-05-29,0.11939611,0.10820595000000001,0.11375188,0.11128515,62049939.89,2811398329.26
2021-05-30,0.11575532000000001,0.10702818,0.11133018,0.11218489999999999,70101820.52,2834128696.11
2021-05-31,0.12619665,0.11189928,0.11221331,0.12561707,83502218.89,3173465833.48
2021-06-01,0.12721352,0.11791415000000001,0.12563383,0.12308763,67487048.7,3109564603.5
2021-06-02,0.13204687,0.12099938,0.12303517,0.13040256,75954091.12,3294361760.02
2021-06-03,0.13588549,0.12919828,0.13032037,0.13336542,60440740.91,3369212476.61
2021-06-04,0.13350868,0.11882055,0.1333822,0.12137417,60324460.84,3066277201.09
2021-06-05,0.12740956,0.11656535,0.12137925000000001,0.11914423,52519767.72,3009942375.41
2021-06-06,0.12510626,0.11891887,0.11913601,0.12429435,52297943.65,3140049962.39
2021-06-07,0.12876152,0.11570489,0.12430072,0.11576074,58119453.44,2924465246.15
2021-06-08,0.11731188000000001,0.10775271,0.11571709999999999,0.11417881,61664075.46,2884500904.38
2021-06-09,0.12385662,0.11071769000000001,0.1141673,0.12307228,57322605.7,3109176664.19
2021-06-10,0.12461148,0.11515579999999999,0.12313079,0.11745762,45395912.0,2967333345.86
2021-06-11,0.12148316,0.11550606000000001,0.11742019000000001,0.11797314,41072225.72,2980357013.38
2021-06-12,0.11852097,0.11031584,0.1180368,0.11245501000000001,51886216.75,2840952499.69
2021-06-13,0.12242336000000001,0.11094893,0.11247867,0.12015703,51021797.42,3035528762.78
2021-06-14,0.12397677,0.11640463000000001,0.12015149,0.12217272,50043680.88,3086451108.91
2021-06-15,0.12026204,0.11553246,0.11965326,0.11961407,47233670.45,3021811802.13
2021-06-16,0.12302916,0.11325913,0.11795574,0.11406148,53868439.2,2881536830.67
2021-06-17,0.11692635,0.11201291000000001,0.11406265,0.11437088000000001,45721074.16,2889353036.45
2021-06-18,0.11494427,0.10406256,0.11437683,0.10589558,47559515.49,2675241465.48
2021-06-19,0.11184023,0.10367167000000001,0.10593751,0.10840062,46907443.77,2738526276.75
2021-06-20,0.10923822,0.10097293,0.10841311000000001,0.10819121,47395250.33,2733236012.2
2021-06-21,0.10821947,0.09089145,0.10814969,0.09096408,58227987.66,2298026680.4
2021-06-22,0.09515075,0.08104416,0.09104495,0.08853063,67355304.57,2236550590.67
2021-06-23,0.09728895,0.086883,0.08851543,0.09477718,54282922.69,2394357317.22
2021-06-24,0.10214892,0.09316112,0.09659304,0.10080688,46419935.8,2546685533.54
2021-06-25,0.10349302,0.09373085,0.10081519,0.09495743,55270342.88,2398910818.09
2021-06-26,0.09706504,0.09009762,0.09493528,0.09536929,62918917.93,2409315576.49
2021-06-27,0.1063127,0.09547096000000001,0.09547096000000001,0.10626715,65942796.95,2684628510.02
2021-06-28,0.10973995,0.10383337000000001,0.10634389999999999,0.10906214,56962301.07,2755238364.38
2021-06-29,0.11888348,0.10886187,0.10905212,0.11535536,53859706.58,2914224057.06
2021-06-30,0.11663212,0.10966869,0.11535754000000001,0.11534992000000001,53946617.7,2914086568.09
2021-07-01,0.11713378,0.11110956,0.11546073,0.11211262,62752390.59,2832302558.84
2021-07-02,0.11420198000000001,0.10896843,0.11216821,0.11391362000000001,44959904.34,2877801462.38
2021-07-03,0.1195932,0.11277278,0.11390311,0.1184066,45780377.49,2991307462.52
2021-07-04,0.12526226000000001,0.11716484,0.11838852,0.12242731,41744858.66,3092882857.86
2021-07-05,0.12246698,0.11348209999999999,0.12246698,0.11581379,47289130.81,2925805358.95
2021-07-06,0.12498859999999999,0.11572521000000001,0.11572521000000001,0.12285622,152076430.02,3103718258.1
